id_record,id_service,record_timestamp
29439471,3222,2023-09-01 00:00:00.000000
29444229,2478,2023-09-01 00:00:00.000000
29448305,2478,2023-09-01 01:00:00.000000
29446583,3222,2023-09-01 01:00:00.000000
29450154,2256,2023-09-01 00:00:00.000000
29450157,2256,2023-09-01 01:00:00.000000
29450788,2256,2023-09-01 02:00:00.000000
29450547,3222,2023-09-01 02:00:00.000000
29451199,2478,2023-09-01 02:00:00.000000
29452194,3222,2023-09-01 03:00:00.000000
29452435,2478,2023-09-01 03:00:00.000000
29453404,3222,2023-09-01 04:00:00.000000
29453681,2478,2023-09-01 04:00:00.000000
29454566,2256,2023-09-01 03:00:00.000000
29454567,2256,2023-09-01 04:00:00.000000
29454744,3222,2023-09-01 05:00:00.000000
29454965,2478,2023-09-01 05:00:00.000000
29455942,2256,2023-09-01 05:00:00.000000
29456283,3222,2023-09-01 06:00:00.000000
29456491,2478,2023-09-01 06:00:00.000000
29457719,2256,2023-09-01 06:00:00.000000
29457722,2256,2023-09-01 07:00:00.000000
29457318,3222,2023-09-01 07:00:00.000000
29457836,2478,2023-09-01 07:00:00.000000
29459338,2478,2023-09-01 08:00:00.000000
29459114,3222,2023-09-01 08:00:00.000000
29460162,3222,2023-09-01 09:00:00.000000
29460773,2478,2023-09-01 09:00:00.000000
29461638,2256,2023-09-01 08:00:00.000000
29461645,2256,2023-09-01 09:00:00.000000
29461646,2256,2023-09-01 10:00:00.000000
29461935,2478,2023-09-01 10:00:00.000000
29461573,3222,2023-09-01 10:00:00.000000
29463157,2478,2023-09-01 11:00:00.000000
29462833,3222,2023-09-01 11:00:00.000000
29463805,3222,2023-09-01 12:00:00.000000
29464335,2478,2023-09-01 12:00:00.000000
29464001,2256,2023-09-01 11:00:00.000000
29464003,2256,2023-09-01 12:00:00.000000
29465180,3222,2023-09-01 13:00:00.000000
29465570,2478,2023-09-01 13:00:00.000000
29465153,2256,2023-09-01 13:00:00.000000
29466210,3222,2023-09-01 14:00:00.000000
29466754,2478,2023-09-01 14:00:00.000000
29467690,3222,2023-09-01 15:00:00.000000
29468200,2478,2023-09-01 15:00:00.000000
29468576,2256,2023-09-01 14:00:00.000000
29468584,2256,2023-09-01 15:00:00.000000
29469330,2478,2023-09-01 16:00:00.000000
29469012,3222,2023-09-01 16:00:00.000000
29470111,2256,2023-09-01 16:00:00.000000
29470115,2256,2023-09-01 17:00:00.000000
29469929,3222,2023-09-01 17:00:00.000000
29471324,2256,2023-09-01 18:00:00.000000
29470514,2478,2023-09-01 17:00:00.000000
29471464,3222,2023-09-01 18:00:00.000000
29471822,2478,2023-09-01 18:00:00.000000
29472857,2256,2023-09-01 19:00:00.000000
29472542,3222,2023-09-01 19:00:00.000000
29472930,2478,2023-09-01 19:00:00.000000
29473973,3222,2023-09-01 20:00:00.000000
29474162,2478,2023-09-01 20:00:00.000000
29475142,2256,2023-09-01 20:00:00.000000
29475145,2256,2023-09-01 21:00:00.000000
29475321,3222,2023-09-01 21:00:00.000000
29476134,2478,2023-09-01 21:00:00.000000
29476524,3222,2023-09-01 22:00:00.000000
29476757,2478,2023-09-01 22:00:00.000000
29477526,2256,2023-09-01 22:00:00.000000
29477826,2256,2023-09-01 23:00:00.000000
29477919,3222,2023-09-01 23:00:00.000000
29478169,2478,2023-09-01 23:00:00.000000
29483938,2478,2023-09-02 00:00:00.000000
29479478,3222,2023-09-02 00:00:00.000000
29486070,3222,2023-09-02 01:00:00.000000
29487961,2478,2023-09-02 01:00:00.000000
29489703,2256,2023-09-02 00:00:00.000000
29489704,2256,2023-09-02 01:00:00.000000
29489959,3222,2023-09-02 02:00:00.000000
29490537,2478,2023-09-02 02:00:00.000000
29490709,2256,2023-09-02 02:00:00.000000
29491976,3222,2023-09-02 03:00:00.000000
29492243,2478,2023-09-02 03:00:00.000000
29493129,2256,2023-09-02 03:00:00.000000
29493407,3222,2023-09-02 04:00:00.000000
29494477,2256,2023-09-02 04:00:00.000000
29493660,2478,2023-09-02 04:00:00.000000
29494722,3222,2023-09-02 05:00:00.000000
29495902,2256,2023-09-02 05:00:00.000000
29494931,2478,2023-09-02 05:00:00.000000
29496205,3222,2023-09-02 06:00:00.000000
29496436,2478,2023-09-02 06:00:00.000000
29497312,2256,2023-09-02 06:00:00.000000
29497747,3222,2023-09-02 07:00:00.000000
29497933,2478,2023-09-02 07:00:00.000000
29498751,2256,2023-09-02 07:00:00.000000
29498814,2256,2023-09-02 08:00:00.000000
29498922,3222,2023-09-02 08:00:00.000000
29499272,2478,2023-09-02 08:00:00.000000
29501387,2256,2023-09-02 09:00:00.000000
29501388,2256,2023-09-02 10:00:00.000000
29500382,2478,2023-09-02 09:00:00.000000
29500702,3222,2023-09-02 09:00:00.000000
29501366,3222,2023-09-02 10:00:00.000000
29501804,2478,2023-09-02 10:00:00.000000
29503060,2478,2023-09-02 11:00:00.000000
29502630,3222,2023-09-02 11:00:00.000000
29502881,2256,2023-09-02 11:00:00.000000
29504168,2256,2023-09-02 12:00:00.000000
29503792,3222,2023-09-02 12:00:00.000000
29504178,2478,2023-09-02 12:00:00.000000
29505248,2256,2023-09-02 13:00:00.000000
29505180,3222,2023-09-02 13:00:00.000000
29505596,2478,2023-09-02 13:00:00.000000
29506337,3222,2023-09-02 14:00:00.000000
29506552,2256,2023-09-02 14:00:00.000000
29506775,2478,2023-09-02 14:00:00.000000
29508529,2256,2023-09-02 15:00:00.000000
29508549,2256,2023-09-02 16:00:00.000000
29507534,3222,2023-09-02 15:00:00.000000
29507708,2478,2023-09-02 15:00:00.000000
29509196,2478,2023-09-02 16:00:00.000000
29508803,3222,2023-09-02 16:00:00.000000
29509932,2256,2023-09-02 17:00:00.000000
29510058,3222,2023-09-02 17:00:00.000000
29510409,2478,2023-09-02 17:00:00.000000
29511039,3222,2023-09-02 18:00:00.000000
29512046,2256,2023-09-02 18:00:00.000000
29511840,2478,2023-09-02 18:00:00.000000
29512413,3222,2023-09-02 19:00:00.000000
29512764,2478,2023-09-02 19:00:00.000000
29512313,2256,2023-09-02 19:00:00.000000
29513501,3222,2023-09-02 20:00:00.000000
29514058,2478,2023-09-02 20:00:00.000000
29514520,3222,2023-09-02 21:00:00.000000
29514931,2478,2023-09-02 21:00:00.000000
29516599,2256,2023-09-02 20:00:00.000000
29516604,2256,2023-09-02 21:00:00.000000
29515740,3222,2023-09-02 22:00:00.000000
29516136,2478,2023-09-02 22:00:00.000000
29516618,2256,2023-09-02 22:00:00.000000
29517253,2256,2023-09-02 23:00:00.000000
29517305,3222,2023-09-02 23:00:00.000000
29518864,3222,2023-09-03 00:00:00.000000
29518615,2256,2023-09-03 00:00:00.000000
29517598,2478,2023-09-02 23:00:00.000000
29522917,2478,2023-09-03 00:00:00.000000
29527083,3222,2023-09-03 01:00:00.000000
29528933,2478,2023-09-03 01:00:00.000000
29530442,2256,2023-09-03 02:00:00.000000
29529251,2256,2023-09-03 01:00:00.000000
29529538,3222,2023-09-03 02:00:00.000000
29530150,2478,2023-09-03 02:00:00.000000
29531594,3222,2023-09-03 03:00:00.000000
29531871,2478,2023-09-03 03:00:00.000000
29532661,2256,2023-09-03 03:00:00.000000
29532871,3222,2023-09-03 04:00:00.000000
29533205,2478,2023-09-03 04:00:00.000000
29533973,2256,2023-09-03 04:00:00.000000
29534238,3222,2023-09-03 05:00:00.000000
29534587,2478,2023-09-03 05:00:00.000000
29535410,2256,2023-09-03 05:00:00.000000
29535558,3222,2023-09-03 06:00:00.000000
29535753,2478,2023-09-03 06:00:00.000000
29536855,3222,2023-09-03 07:00:00.000000
29537034,2478,2023-09-03 07:00:00.000000
29537774,2256,2023-09-03 06:00:00.000000
29537775,2256,2023-09-03 07:00:00.000000
29538126,3222,2023-09-03 08:00:00.000000
29538278,2256,2023-09-03 08:00:00.000000
29538514,2478,2023-09-03 08:00:00.000000
29539335,2256,2023-09-03 09:00:00.000000
29539435,3222,2023-09-03 09:00:00.000000
29539723,2478,2023-09-03 09:00:00.000000
29540479,3222,2023-09-03 10:00:00.000000
29541464,2256,2023-09-03 10:00:00.000000
29540753,2478,2023-09-03 10:00:00.000000
29542063,2478,2023-09-03 11:00:00.000000
29541815,2256,2023-09-03 11:00:00.000000
29541644,3222,2023-09-03 11:00:00.000000
29543081,2256,2023-09-03 12:00:00.000000
29542891,3222,2023-09-03 12:00:00.000000
29543285,2478,2023-09-03 12:00:00.000000
29544375,2478,2023-09-03 13:00:00.000000
29544531,3222,2023-09-03 13:00:00.000000
29545236,2256,2023-09-03 13:00:00.000000
29545245,2256,2023-09-03 14:00:00.000000
29545237,3222,2023-09-03 14:00:00.000000
29545565,2478,2023-09-03 14:00:00.000000
29546791,2256,2023-09-03 15:00:00.000000
29546558,3222,2023-09-03 15:00:00.000000
29546952,2478,2023-09-03 15:00:00.000000
29547747,3222,2023-09-03 16:00:00.000000
29547930,2478,2023-09-03 16:00:00.000000
29548952,2256,2023-09-03 16:00:00.000000
29548957,2256,2023-09-03 17:00:00.000000
29548899,3222,2023-09-03 17:00:00.000000
29549208,2478,2023-09-03 17:00:00.000000
29550148,3222,2023-09-03 18:00:00.000000
29550328,2478,2023-09-03 18:00:00.000000
29551115,2256,2023-09-03 18:00:00.000000
29551124,2256,2023-09-03 19:00:00.000000
29551246,3222,2023-09-03 19:00:00.000000
29552215,2478,2023-09-03 19:00:00.000000
29552594,3222,2023-09-03 20:00:00.000000
29552840,2478,2023-09-03 20:00:00.000000
29553747,2256,2023-09-03 20:00:00.000000
29553752,2256,2023-09-03 21:00:00.000000
29554061,2478,2023-09-03 21:00:00.000000
29553707,3222,2023-09-03 21:00:00.000000
29555380,2478,2023-09-03 22:00:00.000000
29555101,2256,2023-09-03 22:00:00.000000
29555129,3222,2023-09-03 22:00:00.000000
29556605,2478,2023-09-03 23:00:00.000000
29557351,2256,2023-09-03 23:00:00.000000
29556324,3222,2023-09-03 23:00:00.000000
29557710,3222,2023-09-04 00:00:00.000000
29561964,2478,2023-09-04 00:00:00.000000
29566183,2478,2023-09-04 01:00:00.000000
29564514,3222,2023-09-04 01:00:00.000000
29568358,2256,2023-09-04 00:00:00.000000
29568359,2256,2023-09-04 01:00:00.000000
29569372,2478,2023-09-04 02:00:00.000000
29568882,3222,2023-09-04 02:00:00.000000
29569641,2256,2023-09-04 02:00:00.000000
29571218,3222,2023-09-04 03:00:00.000000
29571452,2478,2023-09-04 03:00:00.000000
29572370,2256,2023-09-04 03:00:00.000000
29572531,3222,2023-09-04 04:00:00.000000
29572942,2478,2023-09-04 04:00:00.000000
29573796,2256,2023-09-04 04:00:00.000000
29574109,3222,2023-09-04 05:00:00.000000
29574432,2478,2023-09-04 05:00:00.000000
29575197,2256,2023-09-04 05:00:00.000000
29575501,3222,2023-09-04 06:00:00.000000
29576477,2256,2023-09-04 06:00:00.000000
29575730,2478,2023-09-04 06:00:00.000000
29576908,2478,2023-09-04 07:00:00.000000
29576686,3222,2023-09-04 07:00:00.000000
29578042,2256,2023-09-04 07:00:00.000000
29578050,2256,2023-09-04 08:00:00.000000
29577679,3222,2023-09-04 08:00:00.000000
29578101,2478,2023-09-04 08:00:00.000000
29579935,3222,2023-09-04 09:00:00.000000
29580456,2478,2023-09-04 10:00:00.000000
29579401,2478,2023-09-04 09:00:00.000000
29580230,3222,2023-09-04 10:00:00.000000
29579264,2256,2023-09-04 09:00:00.000000
29582047,2478,2023-09-04 11:00:00.000000
29581624,3222,2023-09-04 11:00:00.000000
29581965,2256,2023-09-04 10:00:00.000000
29581970,2256,2023-09-04 11:00:00.000000
29583364,2256,2023-09-04 12:00:00.000000
29583563,2478,2023-09-04 12:00:00.000000
29583049,3222,2023-09-04 12:00:00.000000
29584190,3222,2023-09-04 13:00:00.000000
29584634,2478,2023-09-04 13:00:00.000000
29584463,2256,2023-09-04 13:00:00.000000
29585646,2256,2023-09-04 14:00:00.000000
29585519,3222,2023-09-04 14:00:00.000000
29586327,2478,2023-09-04 14:00:00.000000
29587205,2256,2023-09-04 15:00:00.000000
29586660,3222,2023-09-04 15:00:00.000000
29587094,2478,2023-09-04 15:00:00.000000
29588616,2256,2023-09-04 16:00:00.000000
29588348,2478,2023-09-04 16:00:00.000000
29587973,3222,2023-09-04 16:00:00.000000
29589406,2256,2023-09-04 17:00:00.000000
29589647,2478,2023-09-04 17:00:00.000000
29589244,3222,2023-09-04 17:00:00.000000
29590503,3222,2023-09-04 18:00:00.000000
29590748,2478,2023-09-04 18:00:00.000000
29591698,3222,2023-09-04 19:00:00.000000
29592632,2256,2023-09-04 18:00:00.000000
29592633,2256,2023-09-04 19:00:00.000000
29591884,2478,2023-09-04 19:00:00.000000
29592909,3222,2023-09-04 20:00:00.000000
29593920,2256,2023-09-04 20:00:00.000000
29593159,2478,2023-09-04 20:00:00.000000
29594112,3222,2023-09-04 21:00:00.000000
29594360,2256,2023-09-04 21:00:00.000000
29594505,2478,2023-09-04 21:00:00.000000
29681227,3222,2023-09-04 22:00:00.000000
29682257,2256,2023-09-04 22:00:00.000000
29681460,2478,2023-09-04 22:00:00.000000
29682573,3222,2023-09-04 23:00:00.000000
29682761,2478,2023-09-04 23:00:00.000000
29683508,2256,2023-09-04 23:00:00.000000
29684163,3222,2023-09-05 00:00:00.000000
29688335,2478,2023-09-05 00:00:00.000000
29694549,2256,2023-09-05 00:00:00.000000
29694553,2256,2023-09-05 01:00:00.000000
29691605,3222,2023-09-05 01:00:00.000000
29693213,2478,2023-09-05 01:00:00.000000
29695075,3222,2023-09-05 02:00:00.000000
29695334,2478,2023-09-05 02:00:00.000000
29696738,2256,2023-09-05 02:00:00.000000
29696997,3222,2023-09-05 03:00:00.000000
29697416,2478,2023-09-05 03:00:00.000000
29697205,2256,2023-09-05 03:00:00.000000
29698267,3222,2023-09-05 04:00:00.000000
29698484,2478,2023-09-05 04:00:00.000000
29699368,2256,2023-09-05 04:00:00.000000
29699668,3222,2023-09-05 05:00:00.000000
29700716,2256,2023-09-05 05:00:00.000000
29699874,2478,2023-09-05 05:00:00.000000
29701184,2478,2023-09-05 06:00:00.000000
29700965,3222,2023-09-05 06:00:00.000000
29701907,2256,2023-09-05 06:00:00.000000
29702152,3222,2023-09-05 07:00:00.000000
29702374,2478,2023-09-05 07:00:00.000000
29703125,2256,2023-09-05 07:00:00.000000
29703441,3222,2023-09-05 08:00:00.000000
29704375,3222,2023-09-05 09:00:00.000000
29705021,2478,2023-09-05 09:00:00.000000
29705850,2256,2023-09-05 08:00:00.000000
29705853,2256,2023-09-05 09:00:00.000000
29706091,3222,2023-09-05 10:00:00.000000
29706330,2256,2023-09-05 10:00:00.000000
29707984,2478,2023-09-05 11:00:00.000000
29707400,3222,2023-09-05 11:00:00.000000
29707645,2256,2023-09-05 11:00:00.000000
29708807,3222,2023-09-05 12:00:00.000000
29706654,2478,2023-09-05 10:00:00.000000
29709074,2256,2023-09-05 12:00:00.000000
29709300,2478,2023-09-05 12:00:00.000000
29710106,3222,2023-09-05 13:00:00.000000
29710724,2478,2023-09-05 13:00:00.000000
29710620,2256,2023-09-05 13:00:00.000000
29711277,2256,2023-09-05 14:00:00.000000
29711578,3222,2023-09-05 14:00:00.000000
29711953,2478,2023-09-05 14:00:00.000000
29712650,3222,2023-09-05 15:00:00.000000
29713133,2478,2023-09-05 15:00:00.000000
29714023,2256,2023-09-05 15:00:00.000000
29714026,2256,2023-09-05 16:00:00.000000
29713835,3222,2023-09-05 16:00:00.000000
29714286,2478,2023-09-05 16:00:00.000000
29715146,3222,2023-09-05 17:00:00.000000
29715395,2478,2023-09-05 17:00:00.000000
29716128,2256,2023-09-05 17:00:00.000000
29716554,2256,2023-09-05 18:00:00.000000
29716855,2478,2023-09-05 18:00:00.000000
29717037,3222,2023-09-05 18:00:00.000000
29717735,2256,2023-09-05 19:00:00.000000
29717647,3222,2023-09-05 19:00:00.000000
29718022,2478,2023-09-05 19:00:00.000000
29718906,3222,2023-09-05 20:00:00.000000
29719351,2478,2023-09-05 20:00:00.000000
29720064,3222,2023-09-05 21:00:00.000000
29720998,2256,2023-09-05 21:00:00.000000
29721565,2478,2023-09-05 22:00:00.000000
29719150,2256,2023-09-05 20:00:00.000000
29721384,3222,2023-09-05 22:00:00.000000
29720249,2478,2023-09-05 21:00:00.000000
29722112,3222,2023-09-05 23:00:00.000000
29722567,2478,2023-09-05 23:00:00.000000
29722932,2256,2023-09-05 22:00:00.000000
29722939,2256,2023-09-05 23:00:00.000000
29724008,3222,2023-09-06 00:00:00.000000
29728702,2256,2023-09-06 00:00:00.000000
29728704,2256,2023-09-06 01:00:00.000000
29726974,3222,2023-09-06 01:00:00.000000
29703681,2478,2023-09-05 08:00:00.000000
29728038,2478,2023-09-06 00:00:00.000000
29728043,2478,2023-09-06 01:00:00.000000
29729182,2256,2023-09-06 02:00:00.000000
29729306,3222,2023-09-06 02:00:00.000000
29729657,2478,2023-09-06 02:00:00.000000
29734808,3222,2023-09-06 03:00:00.000000
29735687,2478,2023-09-06 03:00:00.000000
29737525,2256,2023-09-06 03:00:00.000000
29738111,2478,2023-09-06 04:00:00.000000
29737696,3222,2023-09-06 04:00:00.000000
29739813,3222,2023-09-06 05:00:00.000000
29740944,2256,2023-09-06 04:00:00.000000
29740949,2256,2023-09-06 05:00:00.000000
29740129,2478,2023-09-06 05:00:00.000000
29741299,3222,2023-09-06 06:00:00.000000
29741549,2478,2023-09-06 06:00:00.000000
29742322,2256,2023-09-06 06:00:00.000000
29742326,2256,2023-09-06 07:00:00.000000
29742444,3222,2023-09-06 07:00:00.000000
29742814,2478,2023-09-06 07:00:00.000000
29743824,3222,2023-09-06 08:00:00.000000
29744230,2478,2023-09-06 08:00:00.000000
29744015,2256,2023-09-06 08:00:00.000000
29745429,2256,2023-09-06 09:00:00.000000
29745601,2478,2023-09-06 09:00:00.000000
29745126,3222,2023-09-06 09:00:00.000000
29746369,3222,2023-09-06 10:00:00.000000
29746540,2256,2023-09-06 10:00:00.000000
29746879,2478,2023-09-06 10:00:00.000000
29747608,3222,2023-09-06 11:00:00.000000
29747770,2256,2023-09-06 11:00:00.000000
29748870,3222,2023-09-06 12:00:00.000000
29750280,3222,2023-09-06 13:00:00.000000
29750286,3222,2023-09-06 14:00:00.000000
29750292,3222,2023-09-06 15:00:00.000000
29750298,3222,2023-09-06 16:00:00.000000
29750305,3222,2023-09-06 17:00:00.000000
29750311,3222,2023-09-06 18:00:00.000000
29749459,2478,2023-09-06 12:00:00.000000
29751369,2478,2023-09-06 14:00:00.000000
29751386,2478,2023-09-06 15:00:00.000000
29751397,2478,2023-09-06 16:00:00.000000
29751405,2478,2023-09-06 17:00:00.000000
29751410,2478,2023-09-06 18:00:00.000000
29752923,2478,2023-09-06 19:00:00.000000
29752143,3222,2023-09-06 19:00:00.000000
29755143,3222,2023-09-06 20:00:00.000000
29755592,2478,2023-09-06 20:00:00.000000
29758001,3222,2023-09-06 21:00:00.000000
29758602,2478,2023-09-06 21:00:00.000000
29760489,2256,2023-09-06 12:00:00.000000
29760557,3222,2023-09-06 22:00:00.000000
29761367,2478,2023-09-06 22:00:00.000000
29760534,2256,2023-09-06 13:00:00.000000
29760575,2256,2023-09-06 15:00:00.000000
29760589,2256,2023-09-06 16:00:00.000000
29760607,2256,2023-09-06 17:00:00.000000
29760617,2256,2023-09-06 18:00:00.000000
29760624,2256,2023-09-06 19:00:00.000000
29760634,2256,2023-09-06 20:00:00.000000
29760637,2256,2023-09-06 21:00:00.000000
29760685,2256,2023-09-06 22:00:00.000000
29762578,3222,2023-09-06 23:00:00.000000
29762825,2478,2023-09-06 23:00:00.000000
29760573,2256,2023-09-06 14:00:00.000000
29764529,2256,2023-09-06 23:00:00.000000
29764530,2256,2023-09-07 00:00:00.000000
29764685,3222,2023-09-07 00:00:00.000000
29775226,2256,2023-09-07 01:00:00.000000
29748140,2478,2023-09-06 11:00:00.000000
29751356,2478,2023-09-06 13:00:00.000000
29768722,2478,2023-09-07 00:00:00.000000
29771606,3222,2023-09-07 01:00:00.000000
29773587,2478,2023-09-07 01:00:00.000000
29775383,2256,2023-09-07 02:00:00.000000
29775542,3222,2023-09-07 02:00:00.000000
29775927,2478,2023-09-07 02:00:00.000000
29777602,2478,2023-09-07 03:00:00.000000
29778898,2478,2023-09-07 04:00:00.000000
29779869,2256,2023-09-07 03:00:00.000000
29779872,2256,2023-09-07 04:00:00.000000
29780146,2256,2023-09-07 05:00:00.000000
29780548,2478,2023-09-07 05:00:00.000000
29781843,2478,2023-09-07 06:00:00.000000
29782831,2256,2023-09-07 06:00:00.000000
29782838,2256,2023-09-07 07:00:00.000000
29782209,3222,2023-09-07 03:00:00.000000
29782210,3222,2023-09-07 04:00:00.000000
29782211,3222,2023-09-07 05:00:00.000000
29782212,3222,2023-09-07 06:00:00.000000
29782745,3222,2023-09-07 07:00:00.000000
29783157,2478,2023-09-07 07:00:00.000000
29784110,3222,2023-09-07 08:00:00.000000
29784351,2478,2023-09-07 08:00:00.000000
29785441,3222,2023-09-07 09:00:00.000000
29785631,2256,2023-09-07 08:00:00.000000
29785654,2256,2023-09-07 09:00:00.000000
29785779,2478,2023-09-07 09:00:00.000000
29786583,3222,2023-09-07 10:00:00.000000
29786755,2256,2023-09-07 10:00:00.000000
29787073,2478,2023-09-07 10:00:00.000000
29787881,3222,2023-09-07 11:00:00.000000
29788449,2256,2023-09-07 11:00:00.000000
29788278,2478,2023-09-07 11:00:00.000000
29789250,2256,2023-09-07 12:00:00.000000
29788985,3222,2023-09-07 12:00:00.000000
29789634,2478,2023-09-07 12:00:00.000000
29790329,2256,2023-09-07 13:00:00.000000
29791041,2478,2023-09-07 13:00:00.000000
29790564,3222,2023-09-07 13:00:00.000000
29791541,3222,2023-09-07 14:00:00.000000
29792019,2478,2023-09-07 14:00:00.000000
29791810,2256,2023-09-07 14:00:00.000000
29792903,3222,2023-09-07 15:00:00.000000
29793316,2256,2023-09-07 15:00:00.000000
29793537,2478,2023-09-07 15:00:00.000000
29794771,2478,2023-09-07 16:00:00.000000
29794315,3222,2023-09-07 16:00:00.000000
29794475,2256,2023-09-07 16:00:00.000000
29812355,3222,2023-09-07 17:00:00.000000
29812753,2478,2023-09-07 17:00:00.000000
29812946,2256,2023-09-07 17:00:00.000000
29813972,2478,2023-09-07 18:00:00.000000
29813695,3222,2023-09-07 18:00:00.000000
29814321,2256,2023-09-07 18:00:00.000000
29815003,3222,2023-09-07 19:00:00.000000
29815044,2256,2023-09-07 19:00:00.000000
29815389,2478,2023-09-07 19:00:00.000000
29816405,2256,2023-09-07 20:00:00.000000
29816266,3222,2023-09-07 20:00:00.000000
29816695,2478,2023-09-07 20:00:00.000000
29818442,2256,2023-09-07 21:00:00.000000
29818452,2256,2023-09-07 22:00:00.000000
29817396,3222,2023-09-07 21:00:00.000000
29817612,2478,2023-09-07 21:00:00.000000
29818685,3222,2023-09-07 22:00:00.000000
29819019,2478,2023-09-07 22:00:00.000000
29819966,2478,2023-09-07 23:00:00.000000
29819775,3222,2023-09-07 23:00:00.000000
29820709,2256,2023-09-07 23:00:00.000000
29821490,3222,2023-09-08 00:00:00.000000
29824845,2478,2023-09-08 00:00:00.000000
29828086,3222,2023-09-08 01:00:00.000000
29830374,2478,2023-09-08 01:00:00.000000
29832268,2256,2023-09-08 00:00:00.000000
29832270,2256,2023-09-08 01:00:00.000000
29832764,3222,2023-09-08 02:00:00.000000
29833060,2478,2023-09-08 02:00:00.000000
29834076,2256,2023-09-08 02:00:00.000000
29834294,3222,2023-09-08 03:00:00.000000
29835444,2256,2023-09-08 03:00:00.000000
29834518,2478,2023-09-08 03:00:00.000000
29835634,3222,2023-09-08 04:00:00.000000
29835878,2478,2023-09-08 04:00:00.000000
29836839,2256,2023-09-08 04:00:00.000000
29837405,2256,2023-09-08 05:00:00.000000
29837353,3222,2023-09-08 05:00:00.000000
29837703,2478,2023-09-08 05:00:00.000000
29838500,3222,2023-09-08 06:00:00.000000
29838701,2478,2023-09-08 06:00:00.000000
29839530,2256,2023-09-08 07:00:00.000000
29839518,2256,2023-09-08 06:00:00.000000
29839658,3222,2023-09-08 07:00:00.000000
29839999,2478,2023-09-08 07:00:00.000000
29840948,3222,2023-09-08 08:00:00.000000
29841851,2256,2023-09-08 08:00:00.000000
29841127,2478,2023-09-08 08:00:00.000000
29842299,3222,2023-09-08 09:00:00.000000
29842723,2478,2023-09-08 09:00:00.000000
29842264,2256,2023-09-08 09:00:00.000000
29843566,3222,2023-09-08 10:00:00.000000
29844002,2478,2023-09-08 10:00:00.000000
29844698,3222,2023-09-08 11:00:00.000000
29844903,2256,2023-09-08 10:00:00.000000
29844909,2256,2023-09-08 11:00:00.000000
29845214,2478,2023-09-08 11:00:00.000000
29846141,3222,2023-09-08 12:00:00.000000
29846760,2478,2023-09-08 12:00:00.000000
29846519,2256,2023-09-08 12:00:00.000000
29847268,3222,2023-09-08 13:00:00.000000
29847582,2256,2023-09-08 13:00:00.000000
29847836,2478,2023-09-08 13:00:00.000000
29848617,3222,2023-09-08 14:00:00.000000
29849091,2478,2023-09-08 14:00:00.000000
29849145,2256,2023-09-08 14:00:00.000000
29849802,3222,2023-09-08 15:00:00.000000
29850108,2256,2023-09-08 15:00:00.000000
29850224,2478,2023-09-08 15:00:00.000000
29851038,3222,2023-09-08 16:00:00.000000
29851421,2478,2023-09-08 16:00:00.000000
29852012,2256,2023-09-08 16:00:00.000000
29852434,2478,2023-09-08 17:00:00.000000
29852245,3222,2023-09-08 17:00:00.000000
29853140,2256,2023-09-08 17:00:00.000000
29853646,2478,2023-09-08 18:00:00.000000
29854341,2256,2023-09-08 18:00:00.000000
29853925,3222,2023-09-08 18:00:00.000000
29854645,3222,2023-09-08 19:00:00.000000
29854853,2256,2023-09-08 19:00:00.000000
29855086,2478,2023-09-08 19:00:00.000000
29855982,3222,2023-09-08 20:00:00.000000
29856387,2478,2023-09-08 20:00:00.000000
29856991,2256,2023-09-08 20:00:00.000000
29857255,2256,2023-09-08 21:00:00.000000
29857325,3222,2023-09-08 21:00:00.000000
29857625,2478,2023-09-08 21:00:00.000000
29858605,2478,2023-09-08 22:00:00.000000
29858420,3222,2023-09-08 22:00:00.000000
29859524,3222,2023-09-08 23:00:00.000000
29859722,2478,2023-09-08 23:00:00.000000
29861174,3222,2023-09-09 00:00:00.000000
29865558,2478,2023-09-09 00:00:00.000000
29868660,3222,2023-09-09 01:00:00.000000
29870018,2478,2023-09-09 01:00:00.000000
29871928,2256,2023-09-08 22:00:00.000000
29871931,2256,2023-09-08 23:00:00.000000
29871944,2256,2023-09-09 00:00:00.000000
29871947,2256,2023-09-09 01:00:00.000000
29871948,2256,2023-09-09 02:00:00.000000
29872106,3222,2023-09-09 02:00:00.000000
29872500,2478,2023-09-09 02:00:00.000000
29874252,2478,2023-09-09 03:00:00.000000
29875131,2256,2023-09-09 03:00:00.000000
29873954,3222,2023-09-09 03:00:00.000000
29875332,3222,2023-09-09 04:00:00.000000
29875589,2478,2023-09-09 04:00:00.000000
29876833,3222,2023-09-09 05:00:00.000000
29877609,2478,2023-09-09 05:00:00.000000
29878267,3222,2023-09-09 06:00:00.000000
29878465,2478,2023-09-09 06:00:00.000000
29879236,2256,2023-09-09 04:00:00.000000
29879238,2256,2023-09-09 05:00:00.000000
29879239,2256,2023-09-09 06:00:00.000000
29879773,2478,2023-09-09 07:00:00.000000
29880862,2256,2023-09-09 07:00:00.000000
29880865,2256,2023-09-09 08:00:00.000000
29880631,3222,2023-09-09 07:00:00.000000
29880648,3222,2023-09-09 08:00:00.000000
29881160,2478,2023-09-09 08:00:00.000000
29882215,2256,2023-09-09 09:00:00.000000
29881987,3222,2023-09-09 09:00:00.000000
29882445,2478,2023-09-09 09:00:00.000000
29883169,3222,2023-09-09 10:00:00.000000
29883359,2478,2023-09-09 10:00:00.000000
29884845,2478,2023-09-09 11:00:00.000000
29884451,3222,2023-09-09 11:00:00.000000
29885620,3222,2023-09-09 12:00:00.000000
29886650,3222,2023-09-09 13:00:00.000000
29888294,3222,2023-09-09 14:00:00.000000
29888539,2478,2023-09-09 14:00:00.000000
29885936,2478,2023-09-09 12:00:00.000000
29886887,2256,2023-09-09 10:00:00.000000
29886890,2256,2023-09-09 11:00:00.000000
29886891,2256,2023-09-09 12:00:00.000000
29886892,2256,2023-09-09 13:00:00.000000
29887098,2478,2023-09-09 13:00:00.000000
29889237,3222,2023-09-09 15:00:00.000000
29889638,2256,2023-09-09 14:00:00.000000
29889641,2256,2023-09-09 15:00:00.000000
29889702,2478,2023-09-09 15:00:00.000000
29891062,2256,2023-09-09 16:00:00.000000
29890679,3222,2023-09-09 16:00:00.000000
29890934,2478,2023-09-09 16:00:00.000000
29891905,3222,2023-09-09 17:00:00.000000
29892084,2478,2023-09-09 17:00:00.000000
29892865,2256,2023-09-09 17:00:00.000000
29893392,2478,2023-09-09 18:00:00.000000
29893132,3222,2023-09-09 18:00:00.000000
29894144,2256,2023-09-09 18:00:00.000000
29894458,3222,2023-09-09 19:00:00.000000
29895705,2478,2023-09-09 20:00:00.000000
29894710,2478,2023-09-09 19:00:00.000000
29895518,3222,2023-09-09 20:00:00.000000
29896470,2256,2023-09-09 20:00:00.000000
29894356,2256,2023-09-09 19:00:00.000000
29896991,2256,2023-09-09 21:00:00.000000
29897239,2478,2023-09-09 21:00:00.000000
29896783,3222,2023-09-09 21:00:00.000000
29897983,3222,2023-09-09 22:00:00.000000
29898268,2478,2023-09-09 22:00:00.000000
29899015,2256,2023-09-09 22:00:00.000000
29899225,3222,2023-09-09 23:00:00.000000
29899458,2478,2023-09-09 23:00:00.000000
29900197,2256,2023-09-09 23:00:00.000000
29900625,3222,2023-09-10 00:00:00.000000
29902943,2478,2023-09-10 00:00:00.000000
29907756,3222,2023-09-10 01:00:00.000000
29908963,2478,2023-09-10 01:00:00.000000
29912304,2478,2023-09-10 02:00:00.000000
29911881,3222,2023-09-10 02:00:00.000000
29913797,3222,2023-09-10 03:00:00.000000
29914104,2478,2023-09-10 03:00:00.000000
29915024,3222,2023-09-10 04:00:00.000000
29916239,2256,2023-09-10 00:00:00.000000
29916240,2256,2023-09-10 01:00:00.000000
29916241,2256,2023-09-10 02:00:00.000000
29916242,2256,2023-09-10 03:00:00.000000
29916243,2256,2023-09-10 04:00:00.000000
29915248,2478,2023-09-10 04:00:00.000000
29916630,3222,2023-09-10 05:00:00.000000
29916871,2478,2023-09-10 05:00:00.000000
29918046,3222,2023-09-10 06:00:00.000000
29918425,2478,2023-09-10 06:00:00.000000
29921453,2256,2023-09-10 08:00:00.000000
29921607,3222,2023-09-10 09:00:00.000000
29920728,2478,2023-09-10 08:00:00.000000
29919224,3222,2023-09-10 07:00:00.000000
29919421,2478,2023-09-10 07:00:00.000000
29920498,3222,2023-09-10 08:00:00.000000
29920159,2256,2023-09-10 05:00:00.000000
29920163,2256,2023-09-10 06:00:00.000000
29920164,2256,2023-09-10 07:00:00.000000
29921829,2478,2023-09-10 09:00:00.000000
29922596,2256,2023-09-10 09:00:00.000000
29922848,3222,2023-09-10 10:00:00.000000
29923126,2478,2023-09-10 10:00:00.000000
29924105,2256,2023-09-10 10:00:00.000000
29924110,2256,2023-09-10 11:00:00.000000
29924055,3222,2023-09-10 11:00:00.000000
29924512,2478,2023-09-10 11:00:00.000000
29925609,2256,2023-09-10 12:00:00.000000
29925520,3222,2023-09-10 12:00:00.000000
29925891,2478,2023-09-10 12:00:00.000000
29927014,2478,2023-09-10 13:00:00.000000
29926643,2256,2023-09-10 13:00:00.000000
29926607,3222,2023-09-10 13:00:00.000000
29927823,3222,2023-09-10 14:00:00.000000
29928016,2478,2023-09-10 14:00:00.000000
29929062,3222,2023-09-10 15:00:00.000000
29929287,2478,2023-09-10 15:00:00.000000
29930027,2256,2023-09-10 14:00:00.000000
29930033,2256,2023-09-10 15:00:00.000000
29930201,3222,2023-09-10 16:00:00.000000
29930709,2478,2023-09-10 16:00:00.000000
29931620,2256,2023-09-10 17:00:00.000000
29930504,2256,2023-09-10 16:00:00.000000
29931381,3222,2023-09-10 17:00:00.000000
29931914,2478,2023-09-10 17:00:00.000000
29934037,2478,2023-09-10 19:00:00.000000
29932604,3222,2023-09-10 18:00:00.000000
29932966,2478,2023-09-10 18:00:00.000000
29933606,2256,2023-09-10 18:00:00.000000
29933810,3222,2023-09-10 19:00:00.000000
29934839,2256,2023-09-10 19:00:00.000000
29935166,2256,2023-09-10 20:00:00.000000
29935136,3222,2023-09-10 20:00:00.000000
29935471,2478,2023-09-10 20:00:00.000000
29936382,3222,2023-09-10 21:00:00.000000
29936620,2478,2023-09-10 21:00:00.000000
29937356,2256,2023-09-10 21:00:00.000000
29937550,3222,2023-09-10 22:00:00.000000
29938553,2256,2023-09-10 22:00:00.000000
29937798,2478,2023-09-10 22:00:00.000000
29938814,3222,2023-09-10 23:00:00.000000
29941085,2256,2023-09-11 00:00:00.000000
29940309,3222,2023-09-11 00:00:00.000000
29939770,2256,2023-09-10 23:00:00.000000
29939010,2478,2023-09-10 23:00:00.000000
29943948,2478,2023-09-11 00:00:00.000000
29949789,2478,2023-09-11 01:00:00.000000
29948078,3222,2023-09-11 01:00:00.000000
29951710,2256,2023-09-11 01:00:00.000000
29952151,2256,2023-09-11 02:00:00.000000
29952085,3222,2023-09-11 02:00:00.000000
29952497,2478,2023-09-11 02:00:00.000000
29953696,3222,2023-09-11 03:00:00.000000
29953878,2478,2023-09-11 03:00:00.000000
29954629,2256,2023-09-11 03:00:00.000000
29954791,3222,2023-09-11 04:00:00.000000
29955980,2256,2023-09-11 04:00:00.000000
29955147,2478,2023-09-11 04:00:00.000000
29956098,3222,2023-09-11 05:00:00.000000
29956323,2478,2023-09-11 05:00:00.000000
29957243,2256,2023-09-11 05:00:00.000000
29958791,2256,2023-09-11 06:00:00.000000
29957656,3222,2023-09-11 06:00:00.000000
29957919,2478,2023-09-11 06:00:00.000000
29959248,2478,2023-09-11 07:00:00.000000
29959549,3222,2023-09-11 07:00:00.000000
29960585,2478,2023-09-11 08:00:00.000000
29960069,3222,2023-09-11 08:00:00.000000
29960430,2256,2023-09-11 07:00:00.000000
29960436,2256,2023-09-11 08:00:00.000000
29961646,3222,2023-09-11 09:00:00.000000
29962013,2478,2023-09-11 09:00:00.000000
29963140,2256,2023-09-11 09:00:00.000000
29963141,2256,2023-09-11 10:00:00.000000
29962901,3222,2023-09-11 10:00:00.000000
29963499,2478,2023-09-11 10:00:00.000000
29964778,2478,2023-09-11 11:00:00.000000
29964306,3222,2023-09-11 11:00:00.000000
29965392,2256,2023-09-11 11:00:00.000000
29965394,2256,2023-09-11 12:00:00.000000
29965627,3222,2023-09-11 12:00:00.000000
29966063,2478,2023-09-11 12:00:00.000000
29967274,2256,2023-09-11 13:00:00.000000
29966902,3222,2023-09-11 13:00:00.000000
29967418,2478,2023-09-11 13:00:00.000000
29968044,3222,2023-09-11 14:00:00.000000
29968568,2478,2023-09-11 14:00:00.000000
29969820,2478,2023-09-11 15:00:00.000000
29969152,3222,2023-09-11 15:00:00.000000
29970585,3222,2023-09-11 16:00:00.000000
29970974,2478,2023-09-11 16:00:00.000000
29971824,3222,2023-09-11 17:00:00.000000
29972284,2478,2023-09-11 17:00:00.000000
29971836,2256,2023-09-11 14:00:00.000000
29971839,2256,2023-09-11 15:00:00.000000
29971847,2256,2023-09-11 16:00:00.000000
29971848,2256,2023-09-11 17:00:00.000000
29973211,2478,2023-09-11 18:00:00.000000
29973505,3222,2023-09-11 18:00:00.000000
29973994,2256,2023-09-11 18:00:00.000000
29973996,2256,2023-09-11 19:00:00.000000
29974152,3222,2023-09-11 19:00:00.000000
29974508,2478,2023-09-11 19:00:00.000000
29975347,3222,2023-09-11 20:00:00.000000
29975646,2256,2023-09-11 20:00:00.000000
29976376,2478,2023-09-11 20:00:00.000000
29976767,3222,2023-09-11 21:00:00.000000
29976945,2478,2023-09-11 21:00:00.000000
29977738,2256,2023-09-11 21:00:00.000000
29978083,3222,2023-09-11 22:00:00.000000
29978318,2478,2023-09-11 22:00:00.000000
29979090,2256,2023-09-11 22:00:00.000000
29979258,3222,2023-09-11 23:00:00.000000
29979453,2478,2023-09-11 23:00:00.000000
29980201,2256,2023-09-11 23:00:00.000000
29980632,3222,2023-09-12 00:00:00.000000
29983787,2478,2023-09-12 00:00:00.000000
29987660,3222,2023-09-12 01:00:00.000000
29991422,2256,2023-09-12 00:00:00.000000
29991425,2256,2023-09-12 01:00:00.000000
29989450,2478,2023-09-12 01:00:00.000000
29991672,3222,2023-09-12 02:00:00.000000
29993401,2256,2023-09-12 02:00:00.000000
29992090,2478,2023-09-12 02:00:00.000000
29993536,3222,2023-09-12 03:00:00.000000
29993829,2478,2023-09-12 03:00:00.000000
29994698,2256,2023-09-12 03:00:00.000000
29994991,3222,2023-09-12 04:00:00.000000
29995322,2478,2023-09-12 04:00:00.000000
29996093,2256,2023-09-12 04:00:00.000000
29996268,3222,2023-09-12 05:00:00.000000
29996480,2478,2023-09-12 05:00:00.000000
29997334,2256,2023-09-12 05:00:00.000000
29998596,2256,2023-09-12 06:00:00.000000
29997650,3222,2023-09-12 06:00:00.000000
29997841,2478,2023-09-12 06:00:00.000000
29998831,3222,2023-09-12 07:00:00.000000
29999072,2478,2023-09-12 07:00:00.000000
29999894,2256,2023-09-12 07:00:00.000000
30000098,3222,2023-09-12 08:00:00.000000
30000344,2478,2023-09-12 08:00:00.000000
30001032,3222,2023-09-12 09:00:00.000000
30001587,2256,2023-09-12 08:00:00.000000
30001593,2256,2023-09-12 09:00:00.000000
30001578,2478,2023-09-12 09:00:00.000000
30003078,2478,2023-09-12 10:00:00.000000
30002798,2256,2023-09-12 10:00:00.000000
30002758,3222,2023-09-12 10:00:00.000000
30003932,2256,2023-09-12 11:00:00.000000
30003775,3222,2023-09-12 11:00:00.000000
30004170,2478,2023-09-12 11:00:00.000000
30005452,2256,2023-09-12 12:00:00.000000
30004970,3222,2023-09-12 12:00:00.000000
30005282,2478,2023-09-12 12:00:00.000000
30006139,3222,2023-09-12 13:00:00.000000
30007677,2256,2023-09-12 14:00:00.000000
30006443,2256,2023-09-12 13:00:00.000000
30007380,3222,2023-09-12 14:00:00.000000
30007980,2478,2023-09-12 14:00:00.000000
30009083,2478,2023-09-12 15:00:00.000000
30008673,3222,2023-09-12 15:00:00.000000
30008793,2256,2023-09-12 15:00:00.000000
30009972,3222,2023-09-12 16:00:00.000000
30010250,2478,2023-09-12 16:00:00.000000
30011764,2256,2023-09-12 16:00:00.000000
30011773,2256,2023-09-12 17:00:00.000000
30012213,2478,2023-09-12 17:00:00.000000
30011826,3222,2023-09-12 17:00:00.000000
30013058,2256,2023-09-12 18:00:00.000000
30012929,3222,2023-09-12 18:00:00.000000
30013321,2478,2023-09-12 18:00:00.000000
30014065,3222,2023-09-12 19:00:00.000000
30014264,2478,2023-09-12 19:00:00.000000
30014989,2256,2023-09-12 19:00:00.000000
30015221,3222,2023-09-12 20:00:00.000000
30015452,2478,2023-09-12 20:00:00.000000
30016153,2256,2023-09-12 20:00:00.000000
30016510,3222,2023-09-12 21:00:00.000000
30016623,2256,2023-09-12 21:00:00.000000
30016876,2478,2023-09-12 21:00:00.000000
30017596,3222,2023-09-12 22:00:00.000000
30019021,2478,2023-09-12 23:00:00.000000
30017834,2478,2023-09-12 22:00:00.000000
30019674,2256,2023-09-12 23:00:00.000000
30019410,3222,2023-09-12 23:00:00.000000
30020377,3222,2023-09-13 00:00:00.000000
30018614,2256,2023-09-12 22:00:00.000000
30006731,2478,2023-09-12 13:00:00.000000
30024070,2478,2023-09-13 00:00:00.000000
30028982,2478,2023-09-13 01:00:00.000000
30029658,3222,2023-09-13 01:00:00.000000
30030084,2256,2023-09-13 00:00:00.000000
30030086,2256,2023-09-13 01:00:00.000000
30030455,3222,2023-09-13 02:00:00.000000
30031791,2256,2023-09-13 02:00:00.000000
30030758,2478,2023-09-13 02:00:00.000000
30031996,3222,2023-09-13 03:00:00.000000
30032256,2478,2023-09-13 03:00:00.000000
30033051,2256,2023-09-13 03:00:00.000000
30033271,3222,2023-09-13 04:00:00.000000
30033537,2478,2023-09-13 04:00:00.000000
30034377,2256,2023-09-13 04:00:00.000000
30034662,3222,2023-09-13 05:00:00.000000
30034873,2478,2023-09-13 05:00:00.000000
30035778,3222,2023-09-13 06:00:00.000000
30035679,2256,2023-09-13 05:00:00.000000
30035693,2256,2023-09-13 06:00:00.000000
30036847,2478,2023-09-13 06:00:00.000000
30037356,3222,2023-09-13 07:00:00.000000
30037536,2478,2023-09-13 07:00:00.000000
30038438,3222,2023-09-13 08:00:00.000000
30038447,2256,2023-09-13 07:00:00.000000
30038456,2256,2023-09-13 08:00:00.000000
30038831,2478,2023-09-13 08:00:00.000000
30039775,3222,2023-09-13 09:00:00.000000
30039705,2256,2023-09-13 09:00:00.000000
30040051,2478,2023-09-13 09:00:00.000000
30041003,2256,2023-09-13 10:00:00.000000
30041261,2478,2023-09-13 10:00:00.000000
30040816,3222,2023-09-13 10:00:00.000000
30042548,2478,2023-09-13 11:00:00.000000
30041964,3222,2023-09-13 11:00:00.000000
30042203,2256,2023-09-13 11:00:00.000000
30043434,2256,2023-09-13 12:00:00.000000
30043228,3222,2023-09-13 12:00:00.000000
30043725,2478,2023-09-13 12:00:00.000000
30044514,3222,2023-09-13 13:00:00.000000
30044853,2478,2023-09-13 13:00:00.000000
30045680,3222,2023-09-13 14:00:00.000000
30046143,2478,2023-09-13 14:00:00.000000
30045810,2256,2023-09-13 13:00:00.000000
30045812,2256,2023-09-13 14:00:00.000000
30049388,2256,2023-09-13 15:00:00.000000
30047520,3222,2023-09-13 15:00:00.000000
30048386,2478,2023-09-13 15:00:00.000000
30050178,2478,2023-09-13 16:00:00.000000
30049796,3222,2023-09-13 16:00:00.000000
30050071,2256,2023-09-13 16:00:00.000000
30051802,2478,2023-09-13 17:00:00.000000
30051392,3222,2023-09-13 17:00:00.000000
30051629,2256,2023-09-13 17:00:00.000000
30052621,3222,2023-09-13 18:00:00.000000
30052719,2256,2023-09-13 18:00:00.000000
30052989,2478,2023-09-13 18:00:00.000000
30054225,2256,2023-09-13 19:00:00.000000
30054366,2478,2023-09-13 19:00:00.000000
30053844,3222,2023-09-13 19:00:00.000000
30055025,2256,2023-09-13 20:00:00.000000
30055129,3222,2023-09-13 20:00:00.000000
30056364,2256,2023-09-13 21:00:00.000000
30055722,2478,2023-09-13 20:00:00.000000
30056195,3222,2023-09-13 21:00:00.000000
30056496,2478,2023-09-13 21:00:00.000000
30057871,2256,2023-09-13 22:00:00.000000
30059759,2256,2023-09-13 23:00:00.000000
30059025,2478,2023-09-13 23:00:00.000000
30058841,3222,2023-09-13 23:00:00.000000
30057638,3222,2023-09-13 22:00:00.000000
30057974,2478,2023-09-13 22:00:00.000000
30060242,3222,2023-09-14 00:00:00.000000
30061844,2478,2023-09-14 00:00:00.000000
30067163,3222,2023-09-14 01:00:00.000000
30069148,2478,2023-09-14 01:00:00.000000
30070762,2256,2023-09-14 00:00:00.000000
30070763,2256,2023-09-14 01:00:00.000000
30071167,3222,2023-09-14 02:00:00.000000
30071405,2478,2023-09-14 02:00:00.000000
30072754,2256,2023-09-14 02:00:00.000000
30073260,2478,2023-09-14 03:00:00.000000
30074045,2256,2023-09-14 03:00:00.000000
30073019,3222,2023-09-14 03:00:00.000000
30074627,2478,2023-09-14 04:00:00.000000
30074426,3222,2023-09-14 04:00:00.000000
30075455,2256,2023-09-14 04:00:00.000000
30075650,3222,2023-09-14 05:00:00.000000
30076164,2478,2023-09-14 05:00:00.000000
30077222,3222,2023-09-14 06:00:00.000000
30077535,2478,2023-09-14 06:00:00.000000
30078476,3222,2023-09-14 07:00:00.000000
30078821,2478,2023-09-14 07:00:00.000000
30079739,3222,2023-09-14 08:00:00.000000
30079967,2478,2023-09-14 08:00:00.000000
30080704,2256,2023-09-14 05:00:00.000000
30080707,2256,2023-09-14 06:00:00.000000
30080708,2256,2023-09-14 07:00:00.000000
30080714,2256,2023-09-14 08:00:00.000000
30081026,3222,2023-09-14 09:00:00.000000
30081273,2256,2023-09-14 09:00:00.000000
30081893,2478,2023-09-14 09:00:00.000000
30082731,2478,2023-09-14 10:00:00.000000
30082277,3222,2023-09-14 10:00:00.000000
30083626,2256,2023-09-14 10:00:00.000000
30083472,3222,2023-09-14 11:00:00.000000
30083980,2478,2023-09-14 11:00:00.000000
30083641,2256,2023-09-14 11:00:00.000000
30084714,3222,2023-09-14 12:00:00.000000
30084945,2478,2023-09-14 12:00:00.000000
30086189,2256,2023-09-14 12:00:00.000000
30086191,2256,2023-09-14 13:00:00.000000
30086411,2478,2023-09-14 13:00:00.000000
30085969,3222,2023-09-14 13:00:00.000000
30087242,3222,2023-09-14 14:00:00.000000
30087710,2478,2023-09-14 14:00:00.000000
30088264,2256,2023-09-14 14:00:00.000000
30088448,3222,2023-09-14 15:00:00.000000
30088915,2478,2023-09-14 15:00:00.000000
30089499,2256,2023-09-14 15:00:00.000000
30090192,2256,2023-09-14 16:00:00.000000
30089624,3222,2023-09-14 16:00:00.000000
30090126,2478,2023-09-14 16:00:00.000000
30090986,2256,2023-09-14 17:00:00.000000
30091056,3222,2023-09-14 17:00:00.000000
30091351,2478,2023-09-14 17:00:00.000000
30092235,3222,2023-09-14 18:00:00.000000
30093160,2256,2023-09-14 18:00:00.000000
30092420,2478,2023-09-14 18:00:00.000000
30093497,3222,2023-09-14 19:00:00.000000
30093721,2478,2023-09-14 19:00:00.000000
30094594,2256,2023-09-14 19:00:00.000000
30094595,2256,2023-09-14 20:00:00.000000
30094807,3222,2023-09-14 20:00:00.000000
30095097,2478,2023-09-14 20:00:00.000000
30096234,2256,2023-09-14 21:00:00.000000
30095801,3222,2023-09-14 21:00:00.000000
30096307,2478,2023-09-14 21:00:00.000000
30097199,3222,2023-09-14 22:00:00.000000
30097405,2478,2023-09-14 22:00:00.000000
30098160,2256,2023-09-14 22:00:00.000000
30098391,3222,2023-09-14 23:00:00.000000
30098620,2478,2023-09-14 23:00:00.000000
30099377,2256,2023-09-14 23:00:00.000000
30100369,2256,2023-09-15 00:00:00.000000
30101797,2478,2023-09-15 00:00:00.000000
30100309,3222,2023-09-15 00:00:00.000000
30110195,2256,2023-09-15 01:00:00.000000
30109796,2478,2023-09-15 01:00:00.000000
30108153,3222,2023-09-15 01:00:00.000000
30112562,3222,2023-09-15 03:00:00.000000
30111173,2478,2023-09-15 02:00:00.000000
30110985,3222,2023-09-15 02:00:00.000000
30112056,2256,2023-09-15 02:00:00.000000
30112749,2478,2023-09-15 03:00:00.000000
30113565,2256,2023-09-15 03:00:00.000000
30114124,2478,2023-09-15 04:00:00.000000
30113885,3222,2023-09-15 04:00:00.000000
30114996,2256,2023-09-15 04:00:00.000000
30115455,2478,2023-09-15 05:00:00.000000
30115271,3222,2023-09-15 05:00:00.000000
30116244,2256,2023-09-15 05:00:00.000000
30117562,2256,2023-09-15 06:00:00.000000
30116700,2478,2023-09-15 06:00:00.000000
30116509,3222,2023-09-15 06:00:00.000000
30117767,3222,2023-09-15 07:00:00.000000
30117998,2478,2023-09-15 07:00:00.000000
30118842,2256,2023-09-15 07:00:00.000000
30118846,2256,2023-09-15 08:00:00.000000
30119320,2478,2023-09-15 08:00:00.000000
30118912,3222,2023-09-15 08:00:00.000000
30120239,2256,2023-09-15 09:00:00.000000
30120326,3222,2023-09-15 09:00:00.000000
30120570,2478,2023-09-15 09:00:00.000000
30122345,2478,2023-09-15 10:00:00.000000
30122272,2256,2023-09-15 10:00:00.000000
30122777,3222,2023-09-15 10:00:00.000000
30123726,2478,2023-09-15 11:00:00.000000
30123226,3222,2023-09-15 11:00:00.000000
30124583,2256,2023-09-15 11:00:00.000000
30124591,2256,2023-09-15 12:00:00.000000
30124763,3222,2023-09-15 12:00:00.000000
30125521,2478,2023-09-15 12:00:00.000000
30126064,3222,2023-09-15 13:00:00.000000
30126479,2478,2023-09-15 13:00:00.000000
30127419,3222,2023-09-15 14:00:00.000000
30127911,2478,2023-09-15 14:00:00.000000
30129090,2478,2023-09-15 15:00:00.000000
30129438,3222,2023-09-15 15:00:00.000000
30130042,3222,2023-09-15 16:00:00.000000
30130294,2478,2023-09-15 16:00:00.000000
30131198,3222,2023-09-15 17:00:00.000000
30131823,2478,2023-09-15 17:00:00.000000
30132180,2256,2023-09-15 13:00:00.000000
30132181,2256,2023-09-15 14:00:00.000000
30132182,2256,2023-09-15 15:00:00.000000
30132183,2256,2023-09-15 16:00:00.000000
30132184,2256,2023-09-15 17:00:00.000000
30132753,2478,2023-09-15 18:00:00.000000
30132499,3222,2023-09-15 18:00:00.000000
30133537,2256,2023-09-15 18:00:00.000000
30133728,3222,2023-09-15 19:00:00.000000
30133915,2478,2023-09-15 19:00:00.000000
30135097,2478,2023-09-15 20:00:00.000000
30134905,3222,2023-09-15 20:00:00.000000
30136087,2256,2023-09-15 19:00:00.000000
30136092,2256,2023-09-15 20:00:00.000000
30136095,2256,2023-09-15 21:00:00.000000
30136726,2478,2023-09-15 21:00:00.000000
30136290,3222,2023-09-15 21:00:00.000000
30137692,2478,2023-09-15 22:00:00.000000
30138487,2256,2023-09-15 22:00:00.000000
30138216,3222,2023-09-15 22:00:00.000000
30138661,3222,2023-09-15 23:00:00.000000
30139605,2256,2023-09-15 23:00:00.000000
30138841,2478,2023-09-15 23:00:00.000000
30143402,2478,2023-09-16 00:00:00.000000
30140343,3222,2023-09-16 00:00:00.000000
30149551,2478,2023-09-16 01:00:00.000000
30147871,3222,2023-09-16 01:00:00.000000
30150798,2256,2023-09-16 01:00:00.000000
30150795,2256,2023-09-16 00:00:00.000000
30151079,3222,2023-09-16 02:00:00.000000
30151374,2478,2023-09-16 02:00:00.000000
30152917,2256,2023-09-16 03:00:00.000000
30152814,2256,2023-09-16 02:00:00.000000
30152972,3222,2023-09-16 03:00:00.000000
30153252,2478,2023-09-16 03:00:00.000000
30154497,3222,2023-09-16 04:00:00.000000
30154752,2478,2023-09-16 04:00:00.000000
30155579,2256,2023-09-16 04:00:00.000000
30155761,3222,2023-09-16 05:00:00.000000
30155980,2478,2023-09-16 05:00:00.000000
30157551,2478,2023-09-16 06:00:00.000000
30157282,3222,2023-09-16 06:00:00.000000
30158519,2256,2023-09-16 05:00:00.000000
30158520,2256,2023-09-16 06:00:00.000000
30158746,3222,2023-09-16 07:00:00.000000
30159908,2256,2023-09-16 07:00:00.000000
30159920,2256,2023-09-16 08:00:00.000000
30159029,2478,2023-09-16 07:00:00.000000
30160151,3222,2023-09-16 08:00:00.000000
30160876,2478,2023-09-16 08:00:00.000000
30161535,2478,2023-09-16 09:00:00.000000
30161290,3222,2023-09-16 09:00:00.000000
30162277,2256,2023-09-16 09:00:00.000000
30162594,2256,2023-09-16 10:00:00.000000
30162590,3222,2023-09-16 10:00:00.000000
30162969,2478,2023-09-16 10:00:00.000000
30163992,2256,2023-09-16 11:00:00.000000
30164323,2478,2023-09-16 11:00:00.000000
30163736,3222,2023-09-16 11:00:00.000000
30164989,3222,2023-09-16 12:00:00.000000
30165436,2478,2023-09-16 12:00:00.000000
30166305,3222,2023-09-16 13:00:00.000000
30166806,2478,2023-09-16 13:00:00.000000
30168063,2256,2023-09-16 12:00:00.000000
30168066,2256,2023-09-16 13:00:00.000000
30167452,3222,2023-09-16 14:00:00.000000
30168487,2256,2023-09-16 14:00:00.000000
30168721,3222,2023-09-16 15:00:00.000000
30169549,2478,2023-09-16 15:00:00.000000
30169935,3222,2023-09-16 16:00:00.000000
30170316,2478,2023-09-16 16:00:00.000000
30170206,2256,2023-09-16 15:00:00.000000
30170211,2256,2023-09-16 16:00:00.000000
30171556,2478,2023-09-16 17:00:00.000000
30171197,3222,2023-09-16 17:00:00.000000
30171298,2256,2023-09-16 17:00:00.000000
30172622,2256,2023-09-16 18:00:00.000000
30172387,3222,2023-09-16 18:00:00.000000
30172828,2478,2023-09-16 18:00:00.000000
30173624,3222,2023-09-16 19:00:00.000000
30173878,2478,2023-09-16 19:00:00.000000
30174644,2256,2023-09-16 19:00:00.000000
30174832,3222,2023-09-16 20:00:00.000000
30175122,2478,2023-09-16 20:00:00.000000
30175999,3222,2023-09-16 21:00:00.000000
30176466,2478,2023-09-16 21:00:00.000000
30177158,2256,2023-09-16 20:00:00.000000
30177159,2256,2023-09-16 21:00:00.000000
30177491,3222,2023-09-16 22:00:00.000000
30177385,2256,2023-09-16 22:00:00.000000
30177719,2478,2023-09-16 22:00:00.000000
30178779,2256,2023-09-16 23:00:00.000000
30179069,2478,2023-09-16 23:00:00.000000
30178687,3222,2023-09-16 23:00:00.000000
30180303,3222,2023-09-17 00:00:00.000000
30167870,2478,2023-09-16 14:00:00.000000
30182421,2478,2023-09-17 00:00:00.000000
30186701,3222,2023-09-17 01:00:00.000000
30188012,2478,2023-09-17 01:00:00.000000
30190458,2256,2023-09-17 00:00:00.000000
30190459,2256,2023-09-17 01:00:00.000000
30190717,3222,2023-09-17 02:00:00.000000
30191132,2478,2023-09-17 02:00:00.000000
30192760,2256,2023-09-17 02:00:00.000000
30192933,3222,2023-09-17 03:00:00.000000
30194197,2256,2023-09-17 03:00:00.000000
30193231,2478,2023-09-17 03:00:00.000000
30194429,3222,2023-09-17 04:00:00.000000
30194736,2478,2023-09-17 04:00:00.000000
30195519,2256,2023-09-17 04:00:00.000000
30195802,2256,2023-09-17 05:00:00.000000
30195752,3222,2023-09-17 05:00:00.000000
30196091,2478,2023-09-17 05:00:00.000000
30197162,2478,2023-09-17 06:00:00.000000
30197893,2256,2023-09-17 06:00:00.000000
30198503,2478,2023-09-17 07:00:00.000000
30199218,2256,2023-09-17 07:00:00.000000
30199738,2478,2023-09-17 08:00:00.000000
30201061,2478,2023-09-17 09:00:00.000000
30200755,2256,2023-09-17 08:00:00.000000
30200760,2256,2023-09-17 09:00:00.000000
30203054,2256,2023-09-17 10:00:00.000000
30203059,2256,2023-09-17 11:00:00.000000
30202142,2478,2023-09-17 10:00:00.000000
30203454,2478,2023-09-17 11:00:00.000000
30203956,3222,2023-09-17 06:00:00.000000
30203957,3222,2023-09-17 07:00:00.000000
30203958,3222,2023-09-17 08:00:00.000000
30203959,3222,2023-09-17 09:00:00.000000
30203964,3222,2023-09-17 10:00:00.000000
30203971,3222,2023-09-17 11:00:00.000000
30204393,3222,2023-09-17 12:00:00.000000
30204882,2478,2023-09-17 12:00:00.000000
30204775,2256,2023-09-17 12:00:00.000000
30205690,2256,2023-09-17 13:00:00.000000
30205716,3222,2023-09-17 13:00:00.000000
30206042,2478,2023-09-17 13:00:00.000000
30206853,3222,2023-09-17 14:00:00.000000
30207162,2478,2023-09-17 14:00:00.000000
30206907,2256,2023-09-17 14:00:00.000000
30208018,3222,2023-09-17 15:00:00.000000
30208480,2478,2023-09-17 15:00:00.000000
30208145,2256,2023-09-17 15:00:00.000000
30209579,2478,2023-09-17 16:00:00.000000
30209777,2256,2023-09-17 16:00:00.000000
30210172,3222,2023-09-17 16:00:00.000000
30210525,2256,2023-09-17 17:00:00.000000
30210561,3222,2023-09-17 17:00:00.000000
30210855,2478,2023-09-17 17:00:00.000000
30211789,2256,2023-09-17 18:00:00.000000
30211683,3222,2023-09-17 18:00:00.000000
30212079,2478,2023-09-17 18:00:00.000000
30212885,2256,2023-09-17 19:00:00.000000
30213210,2478,2023-09-17 19:00:00.000000
30212959,3222,2023-09-17 19:00:00.000000
30214084,3222,2023-09-17 20:00:00.000000
30214459,2478,2023-09-17 20:00:00.000000
30214174,2256,2023-09-17 20:00:00.000000
30215335,3222,2023-09-17 21:00:00.000000
30216296,2256,2023-09-17 21:00:00.000000
30215533,2478,2023-09-17 21:00:00.000000
30216728,2256,2023-09-17 22:00:00.000000
30216980,2478,2023-09-17 22:00:00.000000
30216640,3222,2023-09-17 22:00:00.000000
30217771,3222,2023-09-17 23:00:00.000000
30218054,2478,2023-09-17 23:00:00.000000
30218785,2256,2023-09-17 23:00:00.000000
30219304,3222,2023-09-18 00:00:00.000000
30222266,2478,2023-09-18 00:00:00.000000
30226842,3222,2023-09-18 01:00:00.000000
30228284,2478,2023-09-18 01:00:00.000000
30230057,2256,2023-09-18 00:00:00.000000
30230059,2256,2023-09-18 01:00:00.000000
30230342,2256,2023-09-18 02:00:00.000000
30232451,2256,2023-09-18 03:00:00.000000
30230383,3222,2023-09-18 02:00:00.000000
30230809,2478,2023-09-18 02:00:00.000000
30232485,3222,2023-09-18 03:00:00.000000
30232889,2478,2023-09-18 03:00:00.000000
30233997,3222,2023-09-18 04:00:00.000000
30234577,2256,2023-09-18 04:00:00.000000
30234381,2478,2023-09-18 04:00:00.000000
30235958,2478,2023-09-18 05:00:00.000000
30235722,3222,2023-09-18 05:00:00.000000
30236734,2256,2023-09-18 05:00:00.000000
30236909,3222,2023-09-18 06:00:00.000000
30237250,2478,2023-09-18 06:00:00.000000
30238072,2256,2023-09-18 06:00:00.000000
30238086,2256,2023-09-18 07:00:00.000000
30238165,3222,2023-09-18 07:00:00.000000
30238443,2478,2023-09-18 07:00:00.000000
30239387,3222,2023-09-18 08:00:00.000000
30239630,2256,2023-09-18 08:00:00.000000
30239863,2478,2023-09-18 08:00:00.000000
30240915,2256,2023-09-18 09:00:00.000000
30240615,3222,2023-09-18 09:00:00.000000
30241083,2478,2023-09-18 09:00:00.000000
30242006,3222,2023-09-18 10:00:00.000000
30242009,3222,2023-09-18 11:00:00.000000
30242660,2478,2023-09-18 10:00:00.000000
30244876,2256,2023-09-18 10:00:00.000000
30244884,2256,2023-09-18 11:00:00.000000
30244885,2256,2023-09-18 12:00:00.000000
30243754,3222,2023-09-18 12:00:00.000000
30244224,2478,2023-09-18 12:00:00.000000
30245459,3222,2023-09-18 13:00:00.000000
30245714,2256,2023-09-18 13:00:00.000000
30245998,2478,2023-09-18 13:00:00.000000
30246571,3222,2023-09-18 14:00:00.000000
30247671,2256,2023-09-18 14:00:00.000000
30246951,2478,2023-09-18 14:00:00.000000
30248148,3222,2023-09-18 15:00:00.000000
30248515,2256,2023-09-18 15:00:00.000000
30248654,2478,2023-09-18 15:00:00.000000
30249786,2478,2023-09-18 16:00:00.000000
30250202,3222,2023-09-18 16:00:00.000000
30250477,2256,2023-09-18 16:00:00.000000
30250621,3222,2023-09-18 17:00:00.000000
30251727,2256,2023-09-18 17:00:00.000000
30251738,2256,2023-09-18 18:00:00.000000
30250875,2478,2023-09-18 17:00:00.000000
30252300,2478,2023-09-18 18:00:00.000000
30251882,3222,2023-09-18 18:00:00.000000
30253326,2256,2023-09-18 19:00:00.000000
30252986,3222,2023-09-18 19:00:00.000000
30253402,2478,2023-09-18 19:00:00.000000
30254809,2256,2023-09-18 20:00:00.000000
30254387,3222,2023-09-18 20:00:00.000000
30254845,2478,2023-09-18 20:00:00.000000
30255699,3222,2023-09-18 21:00:00.000000
30256035,2478,2023-09-18 21:00:00.000000
30255860,2256,2023-09-18 21:00:00.000000
30257058,2478,2023-09-18 22:00:00.000000
30258370,2478,2023-09-18 23:00:00.000000
30259121,2256,2023-09-18 23:00:00.000000
30257458,3222,2023-09-18 22:00:00.000000
30258057,3222,2023-09-18 23:00:00.000000
30259536,3222,2023-09-19 00:00:00.000000
30257819,2256,2023-09-18 22:00:00.000000
30242671,2478,2023-09-18 11:00:00.000000
30262098,2478,2023-09-19 00:00:00.000000
30266418,3222,2023-09-19 01:00:00.000000
30268603,2478,2023-09-19 01:00:00.000000
30270133,2256,2023-09-19 00:00:00.000000
30270137,2256,2023-09-19 01:00:00.000000
30270623,3222,2023-09-19 02:00:00.000000
30270984,2478,2023-09-19 02:00:00.000000
30272195,2256,2023-09-19 02:00:00.000000
30273570,2256,2023-09-19 03:00:00.000000
30272754,2478,2023-09-19 03:00:00.000000
30272494,3222,2023-09-19 03:00:00.000000
30273998,3222,2023-09-19 04:00:00.000000
30274023,2256,2023-09-19 04:00:00.000000
30274277,2478,2023-09-19 04:00:00.000000
30275181,3222,2023-09-19 05:00:00.000000
30275665,2478,2023-09-19 05:00:00.000000
30276441,2256,2023-09-19 05:00:00.000000
30276669,3222,2023-09-19 06:00:00.000000
30276996,2478,2023-09-19 06:00:00.000000
30277796,2256,2023-09-19 06:00:00.000000
30278250,2256,2023-09-19 07:00:00.000000
30278488,2478,2023-09-19 07:00:00.000000
30278020,3222,2023-09-19 07:00:00.000000
30291036,3222,2023-09-19 08:00:00.000000
30291401,2478,2023-09-19 08:00:00.000000
30303799,3222,2023-09-19 09:00:00.000000
30304179,2478,2023-09-19 09:00:00.000000
30304976,3222,2023-09-19 10:00:00.000000
30305614,2478,2023-09-19 10:00:00.000000
30306409,2256,2023-09-19 08:00:00.000000
30306413,2256,2023-09-19 09:00:00.000000
30306414,2256,2023-09-19 10:00:00.000000
30306415,2256,2023-09-19 11:00:00.000000
30306781,2478,2023-09-19 11:00:00.000000
30307136,3222,2023-09-19 11:00:00.000000
30307864,2478,2023-09-19 12:00:00.000000
30308028,3222,2023-09-19 12:00:00.000000
30309088,2478,2023-09-19 13:00:00.000000
30308650,3222,2023-09-19 13:00:00.000000
30309681,2256,2023-09-19 12:00:00.000000
30309794,3222,2023-09-19 14:00:00.000000
30309724,2256,2023-09-19 13:00:00.000000
30309726,2256,2023-09-19 14:00:00.000000
30311432,2256,2023-09-19 15:00:00.000000
30311374,2478,2023-09-19 15:00:00.000000
30311773,3222,2023-09-19 15:00:00.000000
30312237,3222,2023-09-19 16:00:00.000000
30312500,2256,2023-09-19 16:00:00.000000
30312583,2478,2023-09-19 16:00:00.000000
30313438,3222,2023-09-19 17:00:00.000000
30313704,2256,2023-09-19 17:00:00.000000
30313926,2478,2023-09-19 17:00:00.000000
30314862,2256,2023-09-19 18:00:00.000000
30314788,3222,2023-09-19 18:00:00.000000
30315184,2478,2023-09-19 18:00:00.000000
30315854,2256,2023-09-19 19:00:00.000000
30316181,2478,2023-09-19 19:00:00.000000
30315878,3222,2023-09-19 19:00:00.000000
30317069,3222,2023-09-19 20:00:00.000000
30318124,2256,2023-09-19 20:00:00.000000
30317356,2478,2023-09-19 20:00:00.000000
30318747,2478,2023-09-19 21:00:00.000000
30318283,3222,2023-09-19 21:00:00.000000
30318724,2256,2023-09-19 21:00:00.000000
30319550,3222,2023-09-19 22:00:00.000000
30319962,2478,2023-09-19 22:00:00.000000
30320643,2256,2023-09-19 22:00:00.000000
30320867,3222,2023-09-19 23:00:00.000000
30321200,2478,2023-09-19 23:00:00.000000
30322056,2256,2023-09-19 23:00:00.000000
30322060,2256,2023-09-20 00:00:00.000000
30322524,3222,2023-09-20 00:00:00.000000
30310344,2478,2023-09-19 14:00:00.000000
30325331,2478,2023-09-20 00:00:00.000000
30332129,2478,2023-09-20 01:00:00.000000
30329851,3222,2023-09-20 01:00:00.000000
30333476,2256,2023-09-20 01:00:00.000000
30335291,2256,2023-09-20 02:00:00.000000
30333852,3222,2023-09-20 02:00:00.000000
30334088,2478,2023-09-20 02:00:00.000000
30335531,3222,2023-09-20 03:00:00.000000
30335808,2478,2023-09-20 03:00:00.000000
30336685,2256,2023-09-20 03:00:00.000000
30336899,3222,2023-09-20 04:00:00.000000
30337113,2478,2023-09-20 04:00:00.000000
30337922,2256,2023-09-20 04:00:00.000000
30338273,3222,2023-09-20 05:00:00.000000
30338466,2478,2023-09-20 05:00:00.000000
30339233,2256,2023-09-20 05:00:00.000000
30339753,2478,2023-09-20 06:00:00.000000
30340724,2256,2023-09-20 06:00:00.000000
30340737,2256,2023-09-20 07:00:00.000000
30339517,3222,2023-09-20 06:00:00.000000
30340820,3222,2023-09-20 07:00:00.000000
30341075,2478,2023-09-20 07:00:00.000000
30342059,2256,2023-09-20 08:00:00.000000
30341994,3222,2023-09-20 08:00:00.000000
30344648,2478,2023-09-20 10:00:00.000000
30343460,2256,2023-09-20 09:00:00.000000
30342411,2478,2023-09-20 08:00:00.000000
30344306,3222,2023-09-20 10:00:00.000000
30342997,3222,2023-09-20 09:00:00.000000
30344327,2256,2023-09-20 10:00:00.000000
30345496,3222,2023-09-20 11:00:00.000000
30346039,2478,2023-09-20 11:00:00.000000
30347334,2478,2023-09-20 12:00:00.000000
30347163,2256,2023-09-20 11:00:00.000000
30346651,3222,2023-09-20 12:00:00.000000
30347895,3222,2023-09-20 13:00:00.000000
30348345,2478,2023-09-20 13:00:00.000000
30349210,3222,2023-09-20 14:00:00.000000
30349443,2256,2023-09-20 12:00:00.000000
30349444,2256,2023-09-20 13:00:00.000000
30349445,2256,2023-09-20 14:00:00.000000
30349738,2478,2023-09-20 14:00:00.000000
30350915,2256,2023-09-20 15:00:00.000000
30350524,3222,2023-09-20 15:00:00.000000
30351769,3222,2023-09-20 16:00:00.000000
30352284,2478,2023-09-20 16:00:00.000000
30350964,2478,2023-09-20 15:00:00.000000
30353444,2478,2023-09-20 17:00:00.000000
30353257,2256,2023-09-20 16:00:00.000000
30353270,2256,2023-09-20 17:00:00.000000
30353078,3222,2023-09-20 17:00:00.000000
30354584,2256,2023-09-20 18:00:00.000000
30354492,2478,2023-09-20 18:00:00.000000
30354213,3222,2023-09-20 18:00:00.000000
30355423,3222,2023-09-20 19:00:00.000000
30355933,2256,2023-09-20 19:00:00.000000
30355824,2478,2023-09-20 19:00:00.000000
30356639,3222,2023-09-20 20:00:00.000000
30357072,2256,2023-09-20 20:00:00.000000
30357049,2478,2023-09-20 20:00:00.000000
30357878,3222,2023-09-20 21:00:00.000000
30358079,2256,2023-09-20 21:00:00.000000
30358232,2478,2023-09-20 21:00:00.000000
30359426,2256,2023-09-20 22:00:00.000000
30359335,3222,2023-09-20 22:00:00.000000
30359669,2478,2023-09-20 22:00:00.000000
30360422,3222,2023-09-20 23:00:00.000000
30360612,2478,2023-09-20 23:00:00.000000
30361354,2256,2023-09-20 23:00:00.000000
30362179,3222,2023-09-21 00:00:00.000000
30343446,2478,2023-09-20 09:00:00.000000
30365979,2478,2023-09-21 00:00:00.000000
30369828,3222,2023-09-21 01:00:00.000000
30371455,2478,2023-09-21 01:00:00.000000
30372739,2256,2023-09-21 00:00:00.000000
30372779,2256,2023-09-21 01:00:00.000000
30372781,2256,2023-09-21 02:00:00.000000
30372564,3222,2023-09-21 02:00:00.000000
30372986,2478,2023-09-21 02:00:00.000000
30374893,3222,2023-09-21 03:00:00.000000
30375177,2478,2023-09-21 03:00:00.000000
30376095,2256,2023-09-21 03:00:00.000000
30376556,2478,2023-09-21 04:00:00.000000
30376341,3222,2023-09-21 04:00:00.000000
30377392,2256,2023-09-21 04:00:00.000000
30377859,3222,2023-09-21 05:00:00.000000
30378120,2478,2023-09-21 05:00:00.000000
30378976,2256,2023-09-21 05:00:00.000000
30379080,3222,2023-09-21 06:00:00.000000
30379305,2478,2023-09-21 06:00:00.000000
30380136,2256,2023-09-21 06:00:00.000000
30380439,3222,2023-09-21 07:00:00.000000
30380660,2478,2023-09-21 07:00:00.000000
30381637,2256,2023-09-21 07:00:00.000000
30381641,2256,2023-09-21 08:00:00.000000
30381577,3222,2023-09-21 08:00:00.000000
30381911,2478,2023-09-21 08:00:00.000000
30383906,2256,2023-09-21 09:00:00.000000
30382853,3222,2023-09-21 09:00:00.000000
30383323,2478,2023-09-21 09:00:00.000000
30384592,2478,2023-09-21 10:00:00.000000
30384135,3222,2023-09-21 10:00:00.000000
30385436,3222,2023-09-21 11:00:00.000000
30385824,2256,2023-09-21 10:00:00.000000
30385828,2256,2023-09-21 11:00:00.000000
30386207,2478,2023-09-21 11:00:00.000000
30386437,2256,2023-09-21 12:00:00.000000
30386920,2478,2023-09-21 12:00:00.000000
30386609,3222,2023-09-21 12:00:00.000000
30387572,3222,2023-09-21 13:00:00.000000
30388005,2256,2023-09-21 13:00:00.000000
30388261,2478,2023-09-21 13:00:00.000000
30389101,2256,2023-09-21 14:00:00.000000
30389704,2478,2023-09-21 14:00:00.000000
30389924,3222,2023-09-21 14:00:00.000000
30389938,3222,2023-09-21 15:00:00.000000
30390420,2478,2023-09-21 15:00:00.000000
30391475,2256,2023-09-21 15:00:00.000000
30391477,2256,2023-09-21 16:00:00.000000
30390820,3222,2023-09-21 16:00:00.000000
30391528,2478,2023-09-21 16:00:00.000000
30392593,2256,2023-09-21 17:00:00.000000
30392564,3222,2023-09-21 17:00:00.000000
30393908,2256,2023-09-21 18:00:00.000000
30393923,3222,2023-09-21 18:00:00.000000
30395063,3222,2023-09-21 19:00:00.000000
30395250,2478,2023-09-21 17:00:00.000000
30395255,2478,2023-09-21 18:00:00.000000
30395256,2478,2023-09-21 19:00:00.000000
30396132,3222,2023-09-21 20:00:00.000000
30396445,2478,2023-09-21 20:00:00.000000
30396163,2256,2023-09-21 19:00:00.000000
30396165,2256,2023-09-21 20:00:00.000000
30399747,2256,2023-09-21 22:00:00.000000
30398977,2478,2023-09-21 22:00:00.000000
30398719,3222,2023-09-21 22:00:00.000000
30397671,2256,2023-09-21 21:00:00.000000
30397365,3222,2023-09-21 21:00:00.000000
30397741,2478,2023-09-21 21:00:00.000000
30400309,2478,2023-09-21 23:00:00.000000
30399919,3222,2023-09-21 23:00:00.000000
30400279,2256,2023-09-21 23:00:00.000000
30401475,3222,2023-09-22 00:00:00.000000
30403579,2478,2023-09-22 00:00:00.000000
30412154,2256,2023-09-22 00:00:00.000000
30412156,2256,2023-09-22 01:00:00.000000
30407729,3222,2023-09-22 01:00:00.000000
30409215,2478,2023-09-22 01:00:00.000000
30412729,2256,2023-09-22 02:00:00.000000
30412432,3222,2023-09-22 02:00:00.000000
30413714,2478,2023-09-22 02:00:00.000000
30414482,3222,2023-09-22 03:00:00.000000
30414703,2478,2023-09-22 03:00:00.000000
30415521,2256,2023-09-22 03:00:00.000000
30415556,2256,2023-09-22 04:00:00.000000
30415967,2478,2023-09-22 04:00:00.000000
30415672,3222,2023-09-22 04:00:00.000000
30417240,3222,2023-09-22 05:00:00.000000
30417526,2478,2023-09-22 05:00:00.000000
30418302,2256,2023-09-22 05:00:00.000000
30418454,3222,2023-09-22 06:00:00.000000
30418695,2478,2023-09-22 06:00:00.000000
30419432,2256,2023-09-22 06:00:00.000000
30419941,2256,2023-09-22 07:00:00.000000
30420303,2478,2023-09-22 07:00:00.000000
30419883,3222,2023-09-22 07:00:00.000000
30420936,3222,2023-09-22 08:00:00.000000
30421352,2478,2023-09-22 08:00:00.000000
30421351,2256,2023-09-22 08:00:00.000000
30422191,3222,2023-09-22 09:00:00.000000
30422690,2478,2023-09-22 09:00:00.000000
30422535,2256,2023-09-22 09:00:00.000000
30425974,3222,2023-09-22 12:00:00.000000
30423413,3222,2023-09-22 10:00:00.000000
30424701,3222,2023-09-22 11:00:00.000000
30425228,2478,2023-09-22 11:00:00.000000
30424091,2256,2023-09-22 10:00:00.000000
30426534,2478,2023-09-22 12:00:00.000000
30429643,3222,2023-09-22 15:00:00.000000
30427721,2256,2023-09-22 11:00:00.000000
30427724,2256,2023-09-22 12:00:00.000000
30427726,2256,2023-09-22 13:00:00.000000
30427122,3222,2023-09-22 13:00:00.000000
30427651,2478,2023-09-22 13:00:00.000000
30428375,3222,2023-09-22 14:00:00.000000
30428912,2478,2023-09-22 14:00:00.000000
30428266,2256,2023-09-22 14:00:00.000000
30430073,2478,2023-09-22 15:00:00.000000
30431205,2478,2023-09-22 16:00:00.000000
30432037,2256,2023-09-22 15:00:00.000000
30432038,2256,2023-09-22 16:00:00.000000
30430759,3222,2023-09-22 16:00:00.000000
30432188,3222,2023-09-22 17:00:00.000000
30432439,2478,2023-09-22 17:00:00.000000
30433461,2256,2023-09-22 17:00:00.000000
30433464,2256,2023-09-22 18:00:00.000000
30433853,2478,2023-09-22 18:00:00.000000
30434166,3222,2023-09-22 18:00:00.000000
30434575,3222,2023-09-22 19:00:00.000000
30434936,2478,2023-09-22 19:00:00.000000
30435021,2256,2023-09-22 19:00:00.000000
30436009,3222,2023-09-22 20:00:00.000000
30436121,2256,2023-09-22 20:00:00.000000
30436388,2478,2023-09-22 20:00:00.000000
30437145,3222,2023-09-22 21:00:00.000000
30438206,2256,2023-09-22 21:00:00.000000
30437923,2478,2023-09-22 21:00:00.000000
30438556,2256,2023-09-22 22:00:00.000000
30438570,3222,2023-09-22 22:00:00.000000
30439592,2256,2023-09-22 23:00:00.000000
30438857,2478,2023-09-22 22:00:00.000000
30439803,3222,2023-09-22 23:00:00.000000
30440215,2478,2023-09-22 23:00:00.000000
30441160,3222,2023-09-23 00:00:00.000000
30423920,2478,2023-09-22 10:00:00.000000
30443885,2478,2023-09-23 00:00:00.000000
30451752,2256,2023-09-23 00:00:00.000000
30451753,2256,2023-09-23 01:00:00.000000
30449994,2478,2023-09-23 01:00:00.000000
30447947,3222,2023-09-23 01:00:00.000000
30453835,2256,2023-09-23 02:00:00.000000
30452145,3222,2023-09-23 02:00:00.000000
30452509,2478,2023-09-23 02:00:00.000000
30454260,2256,2023-09-23 03:00:00.000000
30453961,3222,2023-09-23 03:00:00.000000
30454526,2478,2023-09-23 03:00:00.000000
30456645,2256,2023-09-23 04:00:00.000000
30455421,3222,2023-09-23 04:00:00.000000
30455732,2478,2023-09-23 04:00:00.000000
30456948,3222,2023-09-23 05:00:00.000000
30456796,2256,2023-09-23 05:00:00.000000
30457294,2478,2023-09-23 05:00:00.000000
30458145,3222,2023-09-23 06:00:00.000000
30459142,2256,2023-09-23 06:00:00.000000
30458329,2478,2023-09-23 06:00:00.000000
30459719,2478,2023-09-23 07:00:00.000000
30459512,3222,2023-09-23 07:00:00.000000
30461160,2256,2023-09-23 07:00:00.000000
30461177,2256,2023-09-23 08:00:00.000000
30460640,3222,2023-09-23 08:00:00.000000
30460985,2478,2023-09-23 08:00:00.000000
30461997,2256,2023-09-23 09:00:00.000000
30462076,3222,2023-09-23 09:00:00.000000
30462361,2478,2023-09-23 09:00:00.000000
30463402,2256,2023-09-23 10:00:00.000000
30463440,3222,2023-09-23 10:00:00.000000
30463759,2478,2023-09-23 10:00:00.000000
30464734,3222,2023-09-23 11:00:00.000000
30465142,2478,2023-09-23 11:00:00.000000
30465961,3222,2023-09-23 12:00:00.000000
30466494,2478,2023-09-23 12:00:00.000000
30467243,3222,2023-09-23 13:00:00.000000
30467830,2256,2023-09-23 11:00:00.000000
30467831,2256,2023-09-23 12:00:00.000000
30467832,2256,2023-09-23 13:00:00.000000
30467741,2478,2023-09-23 13:00:00.000000
30468699,2256,2023-09-23 14:00:00.000000
30468526,3222,2023-09-23 14:00:00.000000
30468876,2478,2023-09-23 14:00:00.000000
30469762,3222,2023-09-23 15:00:00.000000
30470232,2478,2023-09-23 15:00:00.000000
30470015,2256,2023-09-23 15:00:00.000000
30471268,2478,2023-09-23 16:00:00.000000
30471038,3222,2023-09-23 16:00:00.000000
30472741,2478,2023-09-23 17:00:00.000000
30472341,3222,2023-09-23 17:00:00.000000
30473399,3222,2023-09-23 18:00:00.000000
30473820,2478,2023-09-23 18:00:00.000000
30473780,2256,2023-09-23 16:00:00.000000
30473786,2256,2023-09-23 17:00:00.000000
30473791,2256,2023-09-23 18:00:00.000000
30474852,2478,2023-09-23 19:00:00.000000
30474667,3222,2023-09-23 19:00:00.000000
30475572,2256,2023-09-23 19:00:00.000000
30475719,3222,2023-09-23 20:00:00.000000
30476094,2478,2023-09-23 20:00:00.000000
30476822,2256,2023-09-23 20:00:00.000000
30477309,2478,2023-09-23 21:00:00.000000
30477062,3222,2023-09-23 21:00:00.000000
30477616,2256,2023-09-23 21:00:00.000000
30478374,3222,2023-09-23 22:00:00.000000
30478461,2256,2023-09-23 22:00:00.000000
30478830,2478,2023-09-23 22:00:00.000000
30479592,3222,2023-09-23 23:00:00.000000
30479825,2478,2023-09-23 23:00:00.000000
30480559,2256,2023-09-23 23:00:00.000000
30480810,3222,2023-09-24 00:00:00.000000
30482717,2478,2023-09-24 00:00:00.000000
30489749,3222,2023-09-24 01:00:00.000000
30490528,2478,2023-09-24 01:00:00.000000
30492954,2256,2023-09-24 02:00:00.000000
30491454,2256,2023-09-24 00:00:00.000000
30491456,2256,2023-09-24 01:00:00.000000
30491978,3222,2023-09-24 02:00:00.000000
30492721,2478,2023-09-24 02:00:00.000000
30494321,2478,2023-09-24 03:00:00.000000
30495198,2256,2023-09-24 03:00:00.000000
30494132,3222,2023-09-24 03:00:00.000000
30495475,3222,2023-09-24 04:00:00.000000
30495677,2478,2023-09-24 04:00:00.000000
30496443,2256,2023-09-24 04:00:00.000000
30496703,3222,2023-09-24 05:00:00.000000
30496934,2478,2023-09-24 05:00:00.000000
30497733,2256,2023-09-24 05:00:00.000000
30497996,3222,2023-09-24 06:00:00.000000
30498240,2478,2023-09-24 06:00:00.000000
30499242,3222,2023-09-24 07:00:00.000000
30499468,2478,2023-09-24 07:00:00.000000
30500214,2256,2023-09-24 06:00:00.000000
30500224,2256,2023-09-24 07:00:00.000000
30500460,3222,2023-09-24 08:00:00.000000
30501441,2256,2023-09-24 08:00:00.000000
30500658,2478,2023-09-24 08:00:00.000000
30501977,2478,2023-09-24 09:00:00.000000
30501758,3222,2023-09-24 09:00:00.000000
30503460,2478,2023-09-24 10:00:00.000000
30504656,2256,2023-09-24 09:00:00.000000
30504678,2256,2023-09-24 10:00:00.000000
30504680,2256,2023-09-24 11:00:00.000000
30504568,2478,2023-09-24 11:00:00.000000
30504160,3222,2023-09-24 10:00:00.000000
30504168,3222,2023-09-24 11:00:00.000000
30505626,2256,2023-09-24 12:00:00.000000
30505532,3222,2023-09-24 12:00:00.000000
30505987,2478,2023-09-24 12:00:00.000000
30506621,2256,2023-09-24 13:00:00.000000
30506787,3222,2023-09-24 13:00:00.000000
30507162,2478,2023-09-24 13:00:00.000000
30507773,3222,2023-09-24 14:00:00.000000
30508240,2478,2023-09-24 14:00:00.000000
30508070,2256,2023-09-24 14:00:00.000000
30509439,2478,2023-09-24 15:00:00.000000
30509041,3222,2023-09-24 15:00:00.000000
30510149,2256,2023-09-24 15:00:00.000000
30510254,3222,2023-09-24 16:00:00.000000
30510617,2478,2023-09-24 16:00:00.000000
30510570,2256,2023-09-24 16:00:00.000000
30512776,2256,2023-09-24 17:00:00.000000
30512782,2256,2023-09-24 18:00:00.000000
30511797,2478,2023-09-24 17:00:00.000000
30512054,3222,2023-09-24 17:00:00.000000
30513134,2478,2023-09-24 18:00:00.000000
30512715,3222,2023-09-24 18:00:00.000000
30514379,2478,2023-09-24 19:00:00.000000
30514003,3222,2023-09-24 19:00:00.000000
30515503,2256,2023-09-24 19:00:00.000000
30515509,2256,2023-09-24 20:00:00.000000
30515143,3222,2023-09-24 20:00:00.000000
30516317,3222,2023-09-24 21:00:00.000000
30516771,2478,2023-09-24 20:00:00.000000
30516772,2478,2023-09-24 21:00:00.000000
30517271,2256,2023-09-24 21:00:00.000000
30517902,2256,2023-09-24 22:00:00.000000
30518176,2478,2023-09-24 22:00:00.000000
30518597,3222,2023-09-24 22:00:00.000000
30518923,3222,2023-09-24 23:00:00.000000
30519107,2478,2023-09-24 23:00:00.000000
30519848,2256,2023-09-24 23:00:00.000000
30524473,2478,2023-09-25 00:00:00.000000
30520815,3222,2023-09-25 00:00:00.000000
30526690,3222,2023-09-25 01:00:00.000000
30529786,2478,2023-09-25 01:00:00.000000
30531706,2256,2023-09-25 00:00:00.000000
30531716,2256,2023-09-25 01:00:00.000000
30531726,2256,2023-09-25 02:00:00.000000
30531428,2478,2023-09-25 02:00:00.000000
30531068,3222,2023-09-25 02:00:00.000000
30533586,3222,2023-09-25 03:00:00.000000
30533914,2478,2023-09-25 03:00:00.000000
30534979,2256,2023-09-25 03:00:00.000000
30534982,2256,2023-09-25 04:00:00.000000
30535296,2478,2023-09-25 04:00:00.000000
30534947,3222,2023-09-25 04:00:00.000000
30536428,3222,2023-09-25 05:00:00.000000
30536667,2478,2023-09-25 05:00:00.000000
30537504,2256,2023-09-25 05:00:00.000000
30537901,3222,2023-09-25 06:00:00.000000
30539012,2256,2023-09-25 07:00:00.000000
30538266,2478,2023-09-25 06:00:00.000000
30538021,2256,2023-09-25 06:00:00.000000
30539064,3222,2023-09-25 07:00:00.000000
30539386,2478,2023-09-25 07:00:00.000000
30540069,3222,2023-09-25 08:00:00.000000
30540408,2478,2023-09-25 08:00:00.000000
30541418,2256,2023-09-25 08:00:00.000000
30541572,3222,2023-09-25 09:00:00.000000
30541957,2478,2023-09-25 09:00:00.000000
30542799,3222,2023-09-25 10:00:00.000000
30543236,2478,2023-09-25 10:00:00.000000
30544310,3222,2023-09-25 11:00:00.000000
30544602,2256,2023-09-25 09:00:00.000000
30544625,2256,2023-09-25 10:00:00.000000
30544634,2256,2023-09-25 11:00:00.000000
30545125,2478,2023-09-25 11:00:00.000000
30545528,3222,2023-09-25 12:00:00.000000
30545936,2478,2023-09-25 12:00:00.000000
30545938,2256,2023-09-25 12:00:00.000000
30546942,3222,2023-09-25 13:00:00.000000
30547355,2478,2023-09-25 13:00:00.000000
30547320,2256,2023-09-25 13:00:00.000000
30548143,3222,2023-09-25 14:00:00.000000
30548651,2478,2023-09-25 14:00:00.000000
30549375,3222,2023-09-25 15:00:00.000000
30549930,2478,2023-09-25 15:00:00.000000
30549943,2256,2023-09-25 14:00:00.000000
30549948,2256,2023-09-25 15:00:00.000000
30550757,2256,2023-09-25 16:00:00.000000
30550990,3222,2023-09-25 16:00:00.000000
30551432,2478,2023-09-25 16:00:00.000000
30552456,2256,2023-09-25 17:00:00.000000
30552074,3222,2023-09-25 17:00:00.000000
30552492,2478,2023-09-25 17:00:00.000000
30553432,3222,2023-09-25 18:00:00.000000
30553767,2256,2023-09-25 18:00:00.000000
30553904,2478,2023-09-25 18:00:00.000000
30554924,2478,2023-09-25 19:00:00.000000
30555793,2256,2023-09-25 19:00:00.000000
30555798,2256,2023-09-25 20:00:00.000000
30554746,3222,2023-09-25 19:00:00.000000
30555902,3222,2023-09-25 20:00:00.000000
30557383,2256,2023-09-25 21:00:00.000000
30556198,2478,2023-09-25 20:00:00.000000
30557375,3222,2023-09-25 21:00:00.000000
30557741,2478,2023-09-25 21:00:00.000000
30558514,2256,2023-09-25 22:00:00.000000
30558659,3222,2023-09-25 22:00:00.000000
30558920,2478,2023-09-25 22:00:00.000000
30559777,3222,2023-09-25 23:00:00.000000
30560004,2478,2023-09-25 23:00:00.000000
30560758,2256,2023-09-25 23:00:00.000000
30561399,3222,2023-09-26 00:00:00.000000
30561769,2256,2023-09-26 00:00:00.000000
30564328,2478,2023-09-26 00:00:00.000000
30568388,3222,2023-09-26 01:00:00.000000
30571954,2256,2023-09-26 01:00:00.000000
30572398,3222,2023-09-26 02:00:00.000000
30569802,2478,2023-09-26 01:00:00.000000
30572627,2478,2023-09-26 02:00:00.000000
30573838,2256,2023-09-26 02:00:00.000000
30574289,2256,2023-09-26 03:00:00.000000
30574030,3222,2023-09-26 03:00:00.000000
30574523,2478,2023-09-26 03:00:00.000000
30575413,3222,2023-09-26 04:00:00.000000
30576434,2256,2023-09-26 04:00:00.000000
30575668,2478,2023-09-26 04:00:00.000000
30577123,2478,2023-09-26 05:00:00.000000
30577928,2256,2023-09-26 05:00:00.000000
30576773,3222,2023-09-26 05:00:00.000000
30578236,2256,2023-09-26 06:00:00.000000
30578212,3222,2023-09-26 06:00:00.000000
30578589,2478,2023-09-26 06:00:00.000000
30579605,2256,2023-09-26 07:00:00.000000
30580786,2256,2023-09-26 08:00:00.000000
30579880,2478,2023-09-26 07:00:00.000000
30579556,3222,2023-09-26 07:00:00.000000
30580750,3222,2023-09-26 08:00:00.000000
30581180,2478,2023-09-26 08:00:00.000000
30582643,2478,2023-09-26 09:00:00.000000
30582248,3222,2023-09-26 09:00:00.000000
30582250,2256,2023-09-26 09:00:00.000000
30583529,2256,2023-09-26 10:00:00.000000
30583342,3222,2023-09-26 10:00:00.000000
30583799,2478,2023-09-26 10:00:00.000000
30584587,3222,2023-09-26 11:00:00.000000
30584978,2256,2023-09-26 11:00:00.000000
30585133,2478,2023-09-26 11:00:00.000000
30586198,2256,2023-09-26 12:00:00.000000
30585866,3222,2023-09-26 12:00:00.000000
30586222,2478,2023-09-26 12:00:00.000000
30587273,2256,2023-09-26 13:00:00.000000
30587604,2478,2023-09-26 13:00:00.000000
30587180,3222,2023-09-26 13:00:00.000000
30588547,2256,2023-09-26 14:00:00.000000
30588211,3222,2023-09-26 14:00:00.000000
30588732,2478,2023-09-26 14:00:00.000000
30589603,3222,2023-09-26 15:00:00.000000
30590196,2478,2023-09-26 15:00:00.000000
30589784,2256,2023-09-26 15:00:00.000000
30590901,3222,2023-09-26 16:00:00.000000
30591306,2478,2023-09-26 16:00:00.000000
30593046,2256,2023-09-26 17:00:00.000000
30592570,2256,2023-09-26 16:00:00.000000
30592747,3222,2023-09-26 17:00:00.000000
30593167,2478,2023-09-26 17:00:00.000000
30593931,3222,2023-09-26 18:00:00.000000
30594282,2256,2023-09-26 18:00:00.000000
30594319,2478,2023-09-26 18:00:00.000000
30595195,3222,2023-09-26 19:00:00.000000
30595688,2478,2023-09-26 19:00:00.000000
30595537,2256,2023-09-26 19:00:00.000000
30597647,3222,2023-09-26 21:00:00.000000
30596975,2478,2023-09-26 20:00:00.000000
30598251,2256,2023-09-26 21:00:00.000000
30597948,2478,2023-09-26 21:00:00.000000
30596584,3222,2023-09-26 20:00:00.000000
30596564,2256,2023-09-26 20:00:00.000000
30598913,3222,2023-09-26 22:00:00.000000
30599987,2256,2023-09-26 22:00:00.000000
30599210,2478,2023-09-26 22:00:00.000000
30600233,3222,2023-09-26 23:00:00.000000
30600922,2478,2023-09-26 23:00:00.000000
30601160,2256,2023-09-26 23:00:00.000000
30601904,3222,2023-09-27 00:00:00.000000
30604643,2478,2023-09-27 00:00:00.000000
30609919,3222,2023-09-27 01:00:00.000000
30611892,2256,2023-09-27 00:00:00.000000
30611894,2256,2023-09-27 01:00:00.000000
30612607,2256,2023-09-27 02:00:00.000000
30610797,2478,2023-09-27 01:00:00.000000
30612732,2478,2023-09-27 02:00:00.000000
30612319,3222,2023-09-27 02:00:00.000000
30615869,2256,2023-09-27 03:00:00.000000
30614834,3222,2023-09-27 03:00:00.000000
30615049,2478,2023-09-27 03:00:00.000000
30616453,2478,2023-09-27 04:00:00.000000
30616183,3222,2023-09-27 04:00:00.000000
30617350,2256,2023-09-27 04:00:00.000000
30617711,3222,2023-09-27 05:00:00.000000
30618274,2478,2023-09-27 05:00:00.000000
30618689,2256,2023-09-27 05:00:00.000000
30618964,3222,2023-09-27 06:00:00.000000
30619246,2478,2023-09-27 06:00:00.000000
30620037,2256,2023-09-27 06:00:00.000000
30620113,2256,2023-09-27 07:00:00.000000
30620265,3222,2023-09-27 07:00:00.000000
30620807,2478,2023-09-27 07:00:00.000000
30621864,2256,2023-09-27 08:00:00.000000
30621631,2478,2023-09-27 08:00:00.000000
30622335,3222,2023-09-27 08:00:00.000000
30622776,2256,2023-09-27 09:00:00.000000
30622748,3222,2023-09-27 09:00:00.000000
30623061,2478,2023-09-27 09:00:00.000000
30624421,2478,2023-09-27 10:00:00.000000
30623880,3222,2023-09-27 10:00:00.000000
30624597,2256,2023-09-27 10:00:00.000000
30625427,3222,2023-09-27 11:00:00.000000
30625728,2478,2023-09-27 11:00:00.000000
30626563,3222,2023-09-27 12:00:00.000000
30627041,2478,2023-09-27 12:00:00.000000
30627500,3222,2023-09-27 13:00:00.000000
30628035,2478,2023-09-27 13:00:00.000000
30628951,3222,2023-09-27 14:00:00.000000
30629673,2478,2023-09-27 14:00:00.000000
30630357,3222,2023-09-27 15:00:00.000000
30630789,2478,2023-09-27 15:00:00.000000
30631481,3222,2023-09-27 16:00:00.000000
30631841,2478,2023-09-27 16:00:00.000000
30631784,2256,2023-09-27 11:00:00.000000
30631800,2256,2023-09-27 12:00:00.000000
30631805,2256,2023-09-27 13:00:00.000000
30631809,2256,2023-09-27 14:00:00.000000
30631812,2256,2023-09-27 15:00:00.000000
30631814,2256,2023-09-27 16:00:00.000000
30632672,2256,2023-09-27 17:00:00.000000
30633366,2478,2023-09-27 17:00:00.000000
30636560,3222,2023-09-27 20:00:00.000000
30632847,3222,2023-09-27 17:00:00.000000
30637007,2478,2023-09-27 20:00:00.000000
30634472,2256,2023-09-27 18:00:00.000000
30637886,3222,2023-09-27 21:00:00.000000
30638285,2478,2023-09-27 21:00:00.000000
30635153,2256,2023-09-27 19:00:00.000000
30634505,2478,2023-09-27 18:00:00.000000
30635276,3222,2023-09-27 19:00:00.000000
30635756,2478,2023-09-27 19:00:00.000000
30634029,3222,2023-09-27 18:00:00.000000
30637041,2256,2023-09-27 20:00:00.000000
30638327,2256,2023-09-27 21:00:00.000000
30640809,2478,2023-09-27 23:00:00.000000
30639461,2256,2023-09-27 22:00:00.000000
30639550,2478,2023-09-27 22:00:00.000000
30639137,3222,2023-09-27 22:00:00.000000
30640403,3222,2023-09-27 23:00:00.000000
30640601,2256,2023-09-27 23:00:00.000000
30646878,2478,2023-09-28 00:00:00.000000
30652504,2256,2023-09-28 00:00:00.000000
30652505,2256,2023-09-28 01:00:00.000000
30642090,3222,2023-09-28 00:00:00.000000
30650543,2478,2023-09-28 01:00:00.000000
30648968,3222,2023-09-28 01:00:00.000000
30652750,3222,2023-09-28 02:00:00.000000
30653543,2256,2023-09-28 02:00:00.000000
30653212,2478,2023-09-28 02:00:00.000000
30654888,3222,2023-09-28 03:00:00.000000
30655343,2478,2023-09-28 03:00:00.000000
30655146,2256,2023-09-28 03:00:00.000000
30656172,3222,2023-09-28 04:00:00.000000
30657388,2256,2023-09-28 04:00:00.000000
30656432,2478,2023-09-28 04:00:00.000000
30657667,3222,2023-09-28 05:00:00.000000
30658632,2256,2023-09-28 05:00:00.000000
30657860,2478,2023-09-28 05:00:00.000000
30658953,3222,2023-09-28 06:00:00.000000
30658998,2256,2023-09-28 06:00:00.000000
30659363,2478,2023-09-28 06:00:00.000000
30660403,2256,2023-09-28 07:00:00.000000
30660659,2478,2023-09-28 07:00:00.000000
30660231,3222,2023-09-28 07:00:00.000000
30661439,3222,2023-09-28 08:00:00.000000
30661803,2478,2023-09-28 08:00:00.000000
30661701,2256,2023-09-28 08:00:00.000000
30663630,2478,2023-09-28 09:00:00.000000
30663087,2256,2023-09-28 09:00:00.000000
30662945,3222,2023-09-28 09:00:00.000000
30664581,2478,2023-09-28 10:00:00.000000
30664584,2256,2023-09-28 10:00:00.000000
30664096,3222,2023-09-28 10:00:00.000000
30665797,2478,2023-09-28 11:00:00.000000
30665799,2256,2023-09-28 11:00:00.000000
30666124,3222,2023-09-28 11:00:00.000000
30666966,2256,2023-09-28 12:00:00.000000
30666551,3222,2023-09-28 12:00:00.000000
30667029,2478,2023-09-28 12:00:00.000000
30667870,3222,2023-09-28 13:00:00.000000
30668208,2256,2023-09-28 13:00:00.000000
30668396,2478,2023-09-28 13:00:00.000000
30669066,3222,2023-09-28 14:00:00.000000
30669612,2478,2023-09-28 14:00:00.000000
30670438,3222,2023-09-28 15:00:00.000000
30672323,2256,2023-09-28 16:00:00.000000
30670780,2478,2023-09-28 15:00:00.000000
30671833,3222,2023-09-28 16:00:00.000000
30672287,2478,2023-09-28 16:00:00.000000
30670828,2256,2023-09-28 14:00:00.000000
30670830,2256,2023-09-28 15:00:00.000000
30672907,3222,2023-09-28 17:00:00.000000
30675481,2256,2023-09-28 19:00:00.000000
30675578,3222,2023-09-28 19:00:00.000000
30674517,2256,2023-09-28 18:00:00.000000
30673288,2478,2023-09-28 17:00:00.000000
30674316,3222,2023-09-28 18:00:00.000000
30674702,2478,2023-09-28 18:00:00.000000
30673634,2256,2023-09-28 17:00:00.000000
30675878,2478,2023-09-28 19:00:00.000000
30676809,2256,2023-09-28 20:00:00.000000
30676703,3222,2023-09-28 20:00:00.000000
30678493,2256,2023-09-28 21:00:00.000000
30677090,2478,2023-09-28 20:00:00.000000
30677890,3222,2023-09-28 21:00:00.000000
30678208,2478,2023-09-28 21:00:00.000000
30679420,3222,2023-09-28 22:00:00.000000
30680422,2256,2023-09-28 22:00:00.000000
30680595,3222,2023-09-28 23:00:00.000000
30680686,2256,2023-09-28 23:00:00.000000
30681415,2478,2023-09-28 22:00:00.000000
30681426,2478,2023-09-28 23:00:00.000000
30682122,3222,2023-09-29 00:00:00.000000
30683059,2256,2023-09-29 00:00:00.000000
30689038,3222,2023-09-29 01:00:00.000000
30690343,2478,2023-09-29 00:00:00.000000
30690344,2478,2023-09-29 01:00:00.000000
30692641,2256,2023-09-29 01:00:00.000000
30693046,3222,2023-09-29 02:00:00.000000
30693205,2256,2023-09-29 02:00:00.000000
30694774,3222,2023-09-29 03:00:00.000000
30694838,2256,2023-09-29 03:00:00.000000
30696213,3222,2023-09-29 04:00:00.000000
30697436,2256,2023-09-29 04:00:00.000000
30697162,2478,2023-09-29 02:00:00.000000
30697163,2478,2023-09-29 03:00:00.000000
30697164,2478,2023-09-29 04:00:00.000000
30699304,2256,2023-09-29 05:00:00.000000
30699307,2256,2023-09-29 06:00:00.000000
30697714,3222,2023-09-29 05:00:00.000000
30698242,2478,2023-09-29 05:00:00.000000
30699615,2478,2023-09-29 06:00:00.000000
30699200,3222,2023-09-29 06:00:00.000000
30700578,2256,2023-09-29 07:00:00.000000
30700608,3222,2023-09-29 07:00:00.000000
30702901,2256,2023-09-29 09:00:00.000000
30701860,3222,2023-09-29 08:00:00.000000
30701907,2256,2023-09-29 08:00:00.000000
30703096,3222,2023-09-29 09:00:00.000000
30703836,2478,2023-09-29 07:00:00.000000
30703837,2478,2023-09-29 08:00:00.000000
30703839,2478,2023-09-29 09:00:00.000000
30704151,3222,2023-09-29 10:00:00.000000
30704633,2478,2023-09-29 10:00:00.000000
30704392,2256,2023-09-29 10:00:00.000000
30705474,2256,2023-09-29 11:00:00.000000
30706158,2478,2023-09-29 11:00:00.000000
30705650,3222,2023-09-29 11:00:00.000000
30706609,3222,2023-09-29 12:00:00.000000
30707260,2256,2023-09-29 12:00:00.000000
30706914,2478,2023-09-29 12:00:00.000000
30708276,2256,2023-09-29 13:00:00.000000
30708013,3222,2023-09-29 13:00:00.000000
30708510,2478,2023-09-29 13:00:00.000000
30709408,2256,2023-09-29 14:00:00.000000
30709705,2478,2023-09-29 14:00:00.000000
30710076,3222,2023-09-29 14:00:00.000000
30710588,3222,2023-09-29 15:00:00.000000
30710962,2256,2023-09-29 15:00:00.000000
30711148,2478,2023-09-29 15:00:00.000000
30712600,2478,2023-09-29 16:00:00.000000
30712251,3222,2023-09-29 16:00:00.000000
30712465,2256,2023-09-29 16:00:00.000000
30713887,2256,2023-09-29 17:00:00.000000
30713475,3222,2023-09-29 17:00:00.000000
30714110,2478,2023-09-29 17:00:00.000000
30714897,3222,2023-09-29 18:00:00.000000
30714815,2256,2023-09-29 18:00:00.000000
30716446,2256,2023-09-29 19:00:00.000000
30716270,3222,2023-09-29 19:00:00.000000
30716599,2478,2023-09-29 18:00:00.000000
30716603,2478,2023-09-29 19:00:00.000000
30717755,2478,2023-09-29 20:00:00.000000
30718105,3222,2023-09-29 20:00:00.000000
30718712,2256,2023-09-29 20:00:00.000000
30718716,2256,2023-09-29 21:00:00.000000
30719019,2478,2023-09-29 21:00:00.000000
30719397,3222,2023-09-29 21:00:00.000000
30720024,3222,2023-09-29 22:00:00.000000
30720435,2256,2023-09-29 22:00:00.000000
30721438,2256,2023-09-29 23:00:00.000000
30721333,3222,2023-09-29 23:00:00.000000
30723175,3222,2023-09-30 00:00:00.000000
30729614,3222,2023-09-30 01:00:00.000000
30734676,2256,2023-09-30 02:00:00.000000
30733590,2256,2023-09-30 00:00:00.000000
30733594,2256,2023-09-30 01:00:00.000000
30733794,3222,2023-09-30 02:00:00.000000
30735999,2256,2023-09-30 03:00:00.000000
30735771,3222,2023-09-30 03:00:00.000000
30736777,2478,2023-09-29 22:00:00.000000
30736779,2478,2023-09-29 23:00:00.000000
30736788,2478,2023-09-30 00:00:00.000000
30736790,2478,2023-09-30 01:00:00.000000
30736800,2478,2023-09-30 02:00:00.000000
30736808,2478,2023-09-30 03:00:00.000000
30737138,3222,2023-09-30 04:00:00.000000
30738497,2256,2023-09-30 04:00:00.000000
30738806,3222,2023-09-30 05:00:00.000000
30739787,2256,2023-09-30 05:00:00.000000
30740082,3222,2023-09-30 06:00:00.000000
30741183,2256,2023-09-30 06:00:00.000000
30741679,2256,2023-09-30 07:00:00.000000
30741438,3222,2023-09-30 07:00:00.000000
30743131,2478,2023-09-30 04:00:00.000000
30743132,2478,2023-09-30 05:00:00.000000
30743133,2478,2023-09-30 06:00:00.000000
30743142,2478,2023-09-30 07:00:00.000000
30743143,2478,2023-09-30 08:00:00.000000
30742671,3222,2023-09-30 08:00:00.000000
30743336,2256,2023-09-30 08:00:00.000000
30744583,2256,2023-09-30 09:00:00.000000
30744104,3222,2023-09-30 09:00:00.000000
30744921,2478,2023-09-30 09:00:00.000000
30745336,2256,2023-09-30 10:00:00.000000
30745914,2478,2023-09-30 10:00:00.000000
30746740,2256,2023-09-30 11:00:00.000000
30745368,3222,2023-09-30 10:00:00.000000
30746511,3222,2023-09-30 11:00:00.000000
30747930,2256,2023-09-30 12:00:00.000000
30747426,2478,2023-09-30 11:00:00.000000
30748349,2478,2023-09-30 12:00:00.000000
30749564,2256,2023-09-30 13:00:00.000000
30747875,3222,2023-09-30 12:00:00.000000
30749015,3222,2023-09-30 13:00:00.000000
30750323,2256,2023-09-30 14:00:00.000000
30749522,2478,2023-09-30 13:00:00.000000
30750165,3222,2023-09-30 14:00:00.000000
30750661,2478,2023-09-30 14:00:00.000000
30751907,2478,2023-09-30 15:00:00.000000
30751734,2256,2023-09-30 15:00:00.000000
30751448,3222,2023-09-30 15:00:00.000000
30753069,2256,2023-09-30 16:00:00.000000
30753085,2478,2023-09-30 16:00:00.000000
30752702,3222,2023-09-30 16:00:00.000000
30754176,2478,2023-09-30 17:00:00.000000
30754218,2256,2023-09-30 17:00:00.000000
30754631,3222,2023-09-30 17:00:00.000000
30755167,3222,2023-09-30 18:00:00.000000
30755744,2256,2023-09-30 18:00:00.000000
30756493,3222,2023-09-30 19:00:00.000000
30756538,2256,2023-09-30 19:00:00.000000
30758629,2256,2023-09-30 20:00:00.000000
30757845,3222,2023-09-30 20:00:00.000000
30759199,2256,2023-09-30 21:00:00.000000
30759363,3222,2023-09-30 21:00:00.000000
30760432,3222,2023-09-30 22:00:00.000000
30761445,2256,2023-09-30 22:00:00.000000
30761709,3222,2023-09-30 23:00:00.000000
30761938,2256,2023-09-30 23:00:00.000000
30772632,2478,2023-09-30 18:00:00.000000
30772684,2478,2023-09-30 19:00:00.000000
30772714,2478,2023-09-30 20:00:00.000000
30772723,2478,2023-09-30 21:00:00.000000
30772728,2478,2023-09-30 22:00:00.000000
30772729,2478,2023-09-30 23:00:00.000000
